Zone,Hierarchy Path,Sprite Asset,Sprite Name,Pixel Width,Pixel Height,PPU,Local Scale X,Local Scale Y,World Scale X,World Scale Y,World Width,World Height,Sorting Layer,Order,Enabled
"Unassigned","MonNo1_Leafy/CoinBubble","Assets/Arts/UI/coin16x16.png","coin16x16","16","16","64","1","1","1","1","0.25","0.25","Default","0","true"
"Unassigned","MonNo1_Leafy/HeartEffects/HeartEffect","Assets/Arts/Effects/heart.png","heart_0","16","16","64","1","1","1","1","0.25","0.25","Default","0","true"
"Unassigned","MonNo1_Leafy/HeartEffects/HeartEffect (1)","Assets/Arts/Effects/heart.png","heart_0","16","16","64","1","1","1","1","0.25","0.25","Default","0","true"
"Unassigned","MonNo1_Leafy/MonNo1_Leafy_Visual","Assets/Arts/Monsters/MonNo1_Leafy/Leafy_Idle.png","Leafy_Idle_0","64","64","48","1","1","1","1","1.333","1.333","Default","1","true"
"Unassigned","_World/CookingPot_Map","Assets/Arts/ResourcesNode/CookingPot/CookingPot_NoCook_new.png","CookingPot_NoCook_new","64","64","64","1","1","1","1","1","1","Default","0","true"
"Unassigned","_World/CookingPot_Map/Aroma","Assets/Arts/Effects/newAroma.png","newAroma_0","96","96","100","3","3","3","3","2.88","2.88","Default","5","true"
"Unassigned","_World/CookingPot_Map/CookingProgressBar","Assets/Arts/UI/BarEmpty.png","BarEmpty","112","20","100","1.47","-1.295","1.47","-1.295","1.646","0.259","Default","2","true"
"Unassigned","_World/CookingPot_Map/CookingProgressBar/CookingProgressFill","Assets/Arts/UI/BarFill-fullt.png","BarFill-fullt","112","20","100","0.989","0.824","1.454","-1.066","1.628","0.213","Default","3","true"
"Unassigned","_World/CookingPot_Map/ReadyBubble","Assets/Arts/UI/Bubble_Food_32x28.png","Bubble_Food_32x28","32","28","64","1","1","1","1","0.5","0.438","Default","0","true"
"SummonPathArea","_World/World/SummonPathArea/Decor/Gate (1)","Assets/Arts/SummonPathArea/Gate.png","Gate","64","64","26","1","1","1","1","2.462","2.462","Default","100","true"
"SummonPathArea","_World/World/SummonPathArea/Decor/bush1","Assets/Arts/SummonPathArea/bush1.png","bush1","64","64","48","1","1","1","1","1.333","1.333","Default","2","true"
"SummonPathArea","_World/World/SummonPathArea/Decor/bush1 (1)","Assets/Arts/SummonPathArea/bush1.png","bush1","64","64","48","1","1","1","1","1.333","1.333","Default","5","true"
"SummonPathArea","_World/World/SummonPathArea/Decor/bush1 (10)","Assets/Arts/SummonPathArea/bush1.png","bush1","64","64","48","1","1","1","1","1.333","1.333","Default","1","true"
"SummonPathArea","_World/World/SummonPathArea/Decor/bush1 (11)","Assets/Arts/SummonPathArea/bush1.png","bush1","64","64","48","1","1","1","1","1.333","1.333","Default","1","true"
"SummonPathArea","_World/World/SummonPathArea/Decor/bush1 (12)","Assets/Arts/SummonPathArea/bush1.png","bush1","64","64","48","1","1","1","1","1.333","1.333","Default","0","true"
"SummonPathArea","_World/World/SummonPathArea/Decor/bush1 (2)","Assets/Arts/SummonPathArea/bush1.png","bush1","64","64","48","1","1","1","1","1.333","1.333","Default","0","true"
"SummonPathArea","_World/World/SummonPathArea/Decor/bush1 (3)","Assets/Arts/SummonPathArea/bush1.png","bush1","64","64","48","1","1","1","1","1.333","1.333","Default","0","true"
"SummonPathArea","_World/World/SummonPathArea/Decor/bush1 (4)","Assets/Arts/SummonPathArea/bush1.png","bush1","64","64","48","1","1","1","1","1.333","1.333","Default","1","true"
"SummonPathArea","_World/World/SummonPathArea/Decor/bush1 (5)","Assets/Arts/SummonPathArea/bush1.png","bush1","64","64","48","1","1","1","1","1.333","1.333","Default","1","true"
"SummonPathArea","_World/World/SummonPathArea/Decor/bush1 (6)","Assets/Arts/SummonPathArea/bush1.png","bush1","64","64","48","1","1","1","1","1.333","1.333","Default","0","true"
"SummonPathArea","_World/World/SummonPathArea/Decor/bush1 (7)","Assets/Arts/SummonPathArea/bush1.png","bush1","64","64","48","1","1","1","1","1.333","1.333","Default","0","true"
"SummonPathArea","_World/World/SummonPathArea/Decor/bush1 (8)","Assets/Arts/SummonPathArea/bush1.png","bush1","64","64","48","1","1","1","1","1.333","1.333","Default","1","true"
"SummonPathArea","_World/World/SummonPathArea/Decor/bush1 (9)","Assets/Arts/SummonPathArea/bush1.png","bush1","64","64","48","1","1","1","1","1.333","1.333","Default","2","true"
"SummonPathArea","_World/World/SummonPathArea/Decor/bush2","Assets/Arts/SummonPathArea/bush2.png","bush2","64","64","48","1","1","1","1","1.333","1.333","Default","3","true"
"SummonPathArea","_World/World/SummonPathArea/Decor/bush2","Assets/Arts/SummonPathArea/bush2.png","bush2","64","64","48","1","1","1","1","1.333","1.333","Default","0","true"
"SummonPathArea","_World/World/SummonPathArea/Decor/bush2 (1)","Assets/Arts/SummonPathArea/bush2.png","bush2","64","64","48","1","1","1","1","1.333","1.333","Default","2","true"
"SummonPathArea","_World/World/SummonPathArea/Decor/bush2 (1)","Assets/Arts/SummonPathArea/bush2.png","bush2","64","64","48","1","1","1","1","1.333","1.333","Default","0","true"
"SummonPathArea","_World/World/SummonPathArea/Decor/bush2 (2)","Assets/Arts/SummonPathArea/bush2.png","bush2","64","64","48","1","1","1","1","1.333","1.333","Default","1","true"
"SummonPathArea","_World/World/SummonPathArea/Decor/bush2 (3)","Assets/Arts/SummonPathArea/bush2.png","bush2","64","64","48","1","1","1","1","1.333","1.333","Default","0","true"
"SummonPathArea","_World/World/SummonPathArea/Decor/bush3","Assets/Arts/SummonPathArea/bush3.png","bush3","64","64","48","1","1","1","1","1.333","1.333","Default","3","true"
"SummonPathArea","_World/World/SummonPathArea/Decor/bush3","Assets/Arts/SummonPathArea/bush3.png","bush3","64","64","48","1","1","1","1","1.333","1.333","Default","2","true"
"SummonPathArea","_World/World/SummonPathArea/Decor/bush3","Assets/Arts/SummonPathArea/bush3.png","bush3","64","64","48","1","1","1","1","1.333","1.333","Default","3","true"
"SummonPathArea","_World/World/SummonPathArea/Decor/bush3 (1)","Assets/Arts/SummonPathArea/bush3.png","bush3","64","64","48","1","1","1","1","1.333","1.333","Default","1","true"
"SummonPathArea","_World/World/SummonPathArea/Decor/bush3 (2)","Assets/Arts/SummonPathArea/bush3.png","bush3","64","64","48","1","1","1","1","1.333","1.333","Default","0","true"
"SummonPathArea","_World/World/SummonPathArea/Decor/bush3 (3)","Assets/Arts/SummonPathArea/bush3.png","bush3","64","64","48","1","1","1","1","1.333","1.333","Default","3","true"
"SummonPathArea","_World/World/SummonPathArea/Decor/bush3 (4)","Assets/Arts/SummonPathArea/bush3.png","bush3","64","64","48","1","1","1","1","1.333","1.333","Default","0","true"
"SummonPathArea","_World/World/SummonPathArea/Decor/bush4","Assets/Arts/SummonPathArea/bush4.png","bush4","64","64","48","1","1","1","1","1.333","1.333","Default","3","true"
"SummonPathArea","_World/World/SummonPathArea/Decor/bush4 (1)","Assets/Arts/SummonPathArea/bush4.png","bush4","64","64","48","1","1","1","1","1.333","1.333","Default","3","true"
"SummonPathArea","_World/World/SummonPathArea/Decor/bush4 (2)","Assets/Arts/SummonPathArea/bush4.png","bush4","64","64","48","1","1","1","1","1.333","1.333","Default","4","true"
"SummonPathArea","_World/World/SummonPathArea/Decor/bush4 (3)","Assets/Arts/SummonPathArea/bush4.png","bush4","64","64","48","1","1","1","1","1.333","1.333","Default","3","true"
"SummonPathArea","_World/World/SummonPathArea/Decor/bush4 (4)","Assets/Arts/SummonPathArea/bush4.png","bush4","64","64","48","1","1","1","1","1.333","1.333","Default","3","true"
"SummonPathArea","_World/World/SummonPathArea/Decor/bush4 (5)","Assets/Arts/SummonPathArea/bush4.png","bush4","64","64","48","1","1","1","1","1.333","1.333","Default","3","true"
"SummonPathArea","_World/World/SummonPathArea/Decor/bush4 (6)","Assets/Arts/SummonPathArea/bush4.png","bush4","64","64","48","1","1","1","1","1.333","1.333","Default","3","true"
"SummonPathArea","_World/World/SummonPathArea/Decor/bush4 (7)","Assets/Arts/SummonPathArea/bush4.png","bush4","64","64","48","1","1","1","1","1.333","1.333","Default","3","true"
"SummonPathArea","_World/World/SummonPathArea/Decor/bush5","Assets/Arts/SummonPathArea/bush5.png","bush5","64","64","48","1","1","1","1","1.333","1.333","Default","4","true"
"SummonPathArea","_World/World/SummonPathArea/Decor/bush5 (1)","Assets/Arts/SummonPathArea/bush5.png","bush5","64","64","48","1","1","1","1","1.333","1.333","Default","4","true"
"SummonPathArea","_World/World/SummonPathArea/Decor/bush5 (2)","Assets/Arts/SummonPathArea/bush5.png","bush5","64","64","48","1","1","1","1","1.333","1.333","Default","4","true"
"SummonPathArea","_World/World/SummonPathArea/Decor/grass","Assets/Arts/SummonPathArea/grass.png","grass","64","64","64","1","1","1","1","1","1","Default","2","true"
"SummonPathArea","_World/World/SummonPathArea/Decor/grass (1)","Assets/Arts/SummonPathArea/grass.png","grass","64","64","64","1","1","1","1","1","1","Default","4","true"
"SummonPathArea","_World/World/SummonPathArea/Decor/grass (2)","Assets/Arts/SummonPathArea/grass.png","grass","64","64","64","1","1","1","1","1","1","Default","4","true"
"SummonPathArea","_World/World/SummonPathArea/Decor/grass (3)","Assets/Arts/SummonPathArea/grass.png","grass","64","64","64","1","1","1","1","1","1","Default","4","true"
"SummonPathArea","_World/World/SummonPathArea/Decor/grass (4)","Assets/Arts/SummonPathArea/grass.png","grass","64","64","64","1","1","1","1","1","1","Default","2","true"
"SummonPathArea","_World/World/SummonPathArea/Decor/grass (5)","Assets/Arts/SummonPathArea/grass.png","grass","64","64","64","1","1","1","1","1","1","Default","4","true"
"SummonPathArea","_World/World/SummonPathArea/Decor/grass (6)","Assets/Arts/SummonPathArea/grass.png","grass","64","64","64","1","1","1","1","1","1","Default","4","true"
"SummonPathArea","_World/World/SummonPathArea/Decor/grass (7)","Assets/Arts/SummonPathArea/grass.png","grass","64","64","64","1","1","1","1","1","1","Default","4","true"
"SummonPathArea","_World/World/SummonPathArea/Decor/grass (8)","Assets/Arts/SummonPathArea/grass.png","grass","64","64","64","1","1","1","1","1","1","Default","4","true"
"SummonPathArea","_World/World/SummonPathArea/Decor/grass (9)","Assets/Arts/SummonPathArea/grass.png","grass","64","64","64","1","1","1","1","1","1","Default","4","true"
"SummonPathEndPoint","_World/World/SummonPathArea/SummonPathEndPoint","Packages/com.unity.2d.sprite/Editor/ObjectMenuCreation/DefaultAssets/Textures/v2/Square.png","Square","256","256","256","0.68","0.5","0.68","0.5","0.68","0.5","Default","0","false"
"SummonPathStartPoint","_World/World/SummonPathArea/SummonPathStartPoint","Packages/com.unity.2d.sprite/Editor/ObjectMenuCreation/DefaultAssets/Textures/v2/Square.png","Square","256","256","256","0.68","0.5","0.68","0.5","0.68","0.5","Default","0","false"
"Zone00_Start","_World/World/Zone00_Start/Decor/Gate","Assets/Arts/SummonPathArea/Gate.png","Gate","64","64","26","1","1","1","1","2.462","2.462","Default","10","true"
"Zone00_Start","_World/World/Zone00_Start/Decor/bigstone-sheet (1)","Assets/Arts/ResourcesNode/Enviroment/bigstone-sheet.png","bigstone-sheet","64","64","64","1","1","1","1","1","1","Default","0","true"
"Zone00_Start","_World/World/Zone00_Start/Decor/grass_tilemap","Assets/Arts/ResourcesNode/Enviroment/grass_tilemap00.png","grass_tilemap00","16","16","32","1","1","1","1","0.5","0.5","Default","6","true"
"Zone00_Start","_World/World/Zone00_Start/Decor/grass_tilemap (1)","Assets/Arts/ResourcesNode/Enviroment/grass_tilemap00.png","grass_tilemap00","16","16","32","1","1","1","1","0.5","0.5","Default","6","true"
"Zone00_Start","_World/World/Zone00_Start/Decor/grass_tilemap (2)","Assets/Arts/ResourcesNode/Enviroment/grass_tilemap00.png","grass_tilemap00","16","16","32","1","1","1","1","0.5","0.5","Default","6","true"
"Zone00_Start","_World/World/Zone00_Start/Decor/grass_tilemap (3)","Assets/Arts/ResourcesNode/Enviroment/grass_tilemap00.png","grass_tilemap00","16","16","32","1","1","1","1","0.5","0.5","Default","6","true"
"Zone00_Start","_World/World/Zone00_Start/Decor/grass_tilemap (4)","Assets/Arts/ResourcesNode/Enviroment/grass_tilemap00.png","grass_tilemap00","16","16","32","1","1","1","1","0.5","0.5","Default","6","true"
"Zone00_Start","_World/World/Zone00_Start/Decor/grass_tilemap (5)","Assets/Arts/ResourcesNode/Enviroment/grass_tilemap00.png","grass_tilemap00","16","16","32","1","1","1","1","0.5","0.5","Default","6","true"
"Zone00_Start","_World/World/Zone00_Start/Decor/grass_tilemap (6)","Assets/Arts/ResourcesNode/Enviroment/grass_tilemap00.png","grass_tilemap00","16","16","32","1","1","1","1","0.5","0.5","Default","6","true"
"Zone00_Start","_World/World/Zone00_Start/Decor/grass_tilemap (7)","Assets/Arts/ResourcesNode/Enviroment/grass_tilemap00.png","grass_tilemap00","16","16","32","1","1","1","1","0.5","0.5","Default","6","true"
"Zone00_Start","_World/World/Zone00_Start/Decor/grass_tilemap (8)","Assets/Arts/ResourcesNode/Enviroment/grass_tilemap00.png","grass_tilemap00","16","16","32","1","1","1","1","0.5","0.5","Default","6","true"
"Zone00_Start","_World/World/Zone00_Start/Decor/grass_tilemap01","Assets/Arts/ResourcesNode/Enviroment/grass_tilemap01.png","grass_tilemap01","16","16","32","1","1","1","1","0.5","0.5","Default","6","true"
"Zone00_Start","_World/World/Zone00_Start/Decor/grass_tilemap01 (1)","Assets/Arts/ResourcesNode/Enviroment/grass_tilemap01.png","grass_tilemap01","16","16","32","1","1","1","1","0.5","0.5","Default","6","true"
"Zone00_Start","_World/World/Zone00_Start/Decor/grass_tilemap01 (2)","Assets/Arts/ResourcesNode/Enviroment/grass_tilemap01.png","grass_tilemap01","16","16","32","1","1","1","1","0.5","0.5","Default","6","true"
"Zone00_Start","_World/World/Zone00_Start/Decor/log-sheet (1)","Assets/Arts/ResourcesNode/Enviroment/log-sheet.png","log-sheet","64","64","64","1","1","1","1","1","1","Default","0","true"
"Zone00_Start","_World/World/Zone00_Start/Decor/log-sheet (2)","Assets/Arts/ResourcesNode/Enviroment/log-sheet.png","log-sheet","64","64","64","1","1","1","1","1","1","Default","0","true"
"Zone00_Start","_World/World/Zone00_Start/Decor/smallstone-sheet","Assets/Arts/ResourcesNode/Enviroment/smallstone-sheet.png","smallstone-sheet","64","64","72","1","1","1","1","0.889","0.889","Default","3","true"
"Zone00_Start","_World/World/Zone00_Start/GardenArrivalSpawnPoint","Packages/com.unity.2d.sprite/Editor/ObjectMenuCreation/DefaultAssets/Textures/v2/Square.png","Square","256","256","256","0.68","0.5","0.68","0.5","0.68","0.5","Default","0","true"
"Zone00_Start","_World/World/Zone00_Start/ResourcesNode/Bushes/RedBush","Assets/Arts/ResourcesNode/Tree/Bush_Map_Idle.png","Bush_Map_Idle_0","64","64","64","1","1","1","1","1","1","Default","3","true"
"Zone00_Start","_World/World/Zone00_Start/ResourcesNode/Bushes/RedBush (1)","Assets/Arts/ResourcesNode/Tree/Bush_Map_Idle.png","Bush_Map_Idle_0","64","64","64","1","1","1","1","1","1","Default","3","true"
"Zone00_Start","_World/World/Zone00_Start/ResourcesNode/Bushes/RedBush (1)/DropPoint","Packages/com.unity.2d.sprite/Editor/ObjectMenuCreation/DefaultAssets/Textures/v2/Square.png","Square","256","256","256","1","0.171","1","0.171","1","0.171","Default","0","false"
"Zone00_Start","_World/World/Zone00_Start/ResourcesNode/Bushes/RedBush (1)/ReadyBubble","Assets/Arts/UI/Bubble_32x28.png","Bubble_32x28","32","28","64","1","1","1","1","0.5","0.438","Default","10","true"
"Zone00_Start","_World/World/Zone00_Start/ResourcesNode/Bushes/RedBush (1)/ReadyBubble/Icon","Assets/Arts/ResourcesNode/Tree/RedBerryBush/NewRedBerry/RedBerry_Item_Animation_Click.png","RedBerry_Item_Animation_Click_0","64","64","64","0.4","0.4","0.4","0.4","0.4","0.4","Default","10","true"
"Zone00_Start","_World/World/Zone00_Start/ResourcesNode/Bushes/RedBush (2)","Assets/Arts/ResourcesNode/Tree/Bush_Map_Idle.png","Bush_Map_Idle_0","64","64","64","1","1","1","1","1","1","Default","3","true"
"Zone00_Start","_World/World/Zone00_Start/ResourcesNode/Bushes/RedBush (2)/DropPoint","Packages/com.unity.2d.sprite/Editor/ObjectMenuCreation/DefaultAssets/Textures/v2/Square.png","Square","256","256","256","1","0.171","1","0.171","1","0.171","Default","0","false"
"Zone00_Start","_World/World/Zone00_Start/ResourcesNode/Bushes/RedBush (2)/ReadyBubble","Assets/Arts/UI/Bubble_32x28.png","Bubble_32x28","32","28","64","1","1","1","1","0.5","0.438","Default","10","true"
"Zone00_Start","_World/World/Zone00_Start/ResourcesNode/Bushes/RedBush (2)/ReadyBubble/Icon","Assets/Arts/ResourcesNode/Tree/RedBerryBush/NewRedBerry/RedBerry_Item_Animation_Click.png","RedBerry_Item_Animation_Click_0","64","64","64","0.4","0.4","0.4","0.4","0.4","0.4","Default","10","true"
"Zone00_Start","_World/World/Zone00_Start/ResourcesNode/Bushes/RedBush (3)","Assets/Arts/ResourcesNode/Tree/Bush_Map_Idle.png","Bush_Map_Idle_0","64","64","64","1","1","1","1","1","1","Default","3","true"
"Zone00_Start","_World/World/Zone00_Start/ResourcesNode/Bushes/RedBush (3)/DropPoint","Packages/com.unity.2d.sprite/Editor/ObjectMenuCreation/DefaultAssets/Textures/v2/Square.png","Square","256","256","256","1","0.171","1","0.171","1","0.171","Default","0","false"
"Zone00_Start","_World/World/Zone00_Start/ResourcesNode/Bushes/RedBush (3)/ReadyBubble","Assets/Arts/UI/Bubble_32x28.png","Bubble_32x28","32","28","64","1","1","1","1","0.5","0.438","Default","10","true"
"Zone00_Start","_World/World/Zone00_Start/ResourcesNode/Bushes/RedBush (3)/ReadyBubble/Icon","Assets/Arts/ResourcesNode/Tree/RedBerryBush/NewRedBerry/RedBerry_Item_Animation_Click.png","RedBerry_Item_Animation_Click_0","64","64","64","0.4","0.4","0.4","0.4","0.4","0.4","Default","10","true"
"Zone00_Start","_World/World/Zone00_Start/ResourcesNode/Bushes/RedBush/DropPoint","Packages/com.unity.2d.sprite/Editor/ObjectMenuCreation/DefaultAssets/Textures/v2/Square.png","Square","256","256","256","1","0.171","1","0.171","1","0.171","Default","0","false"
"Zone00_Start","_World/World/Zone00_Start/ResourcesNode/Bushes/RedBush/ReadyBubble","Assets/Arts/UI/Bubble_32x28.png","Bubble_32x28","32","28","64","1","1","1","1","0.5","0.438","Default","10","true"
"Zone00_Start","_World/World/Zone00_Start/ResourcesNode/Bushes/RedBush/ReadyBubble/Icon","Assets/Arts/ResourcesNode/Tree/RedBerryBush/NewRedBerry/RedBerry_Item_Animation_Click.png","RedBerry_Item_Animation_Click_0","64","64","64","0.4","0.4","0.4","0.4","0.4","0.4","Default","10","true"
"Zone00_Start","_World/World/Zone00_Start/ResourcesNode/Harvest/Redmushroom/red_mushroom_map","Assets/Arts/ResourcesNode/Harvest/RedMushroom/red_mushroom_map.png","red_mushroom_map","32","32","64","1","1","1","1","0.5","0.5","Default","10","true"
"Zone00_Start","_World/World/Zone00_Start/ResourcesNode/Harvest/Redmushroom/red_mushroom_map (1)","Assets/Arts/ResourcesNode/Harvest/RedMushroom/red_mushroom_map.png","red_mushroom_map","32","32","64","1","1","1","1","0.5","0.5","Default","10","true"
"Zone00_Start","_World/World/Zone00_Start/ResourcesNode/Harvest/Redmushroom/red_mushroom_map (2)","Assets/Arts/ResourcesNode/Harvest/RedMushroom/red_mushroom_map.png","red_mushroom_map","32","32","64","1","1","1","1","0.5","0.5","Default","10","true"
"Zone00_Start","_World/World/Zone00_Start/ResourcesNode/Harvest/Redmushroom/red_mushroom_map (3)","Assets/Arts/ResourcesNode/Harvest/RedMushroom/red_mushroom_map.png","red_mushroom_map","32","32","64","1","1","1","1","0.5","0.5","Default","10","true"
"Zone00_Start","_World/World/Zone00_Start/ResourcesNode/Trees/AppleTree","Assets/Arts/ResourcesNode/Tree/AppleTree/apple_tree_idle.png","apple_tree_idle_0","96","96","32","1","1","1","1","3","3","Default","5","true"
"Zone00_Start","_World/World/Zone00_Start/ResourcesNode/Trees/AppleTree/ReadyBubble","Assets/Arts/UI/Bubble_32x28.png","Bubble_32x28","32","28","64","1.478","1.48","1.478","1.48","0.739","0.648","Default","10","true"
"Zone00_Start","_World/World/Zone00_Start/ResourcesNode/Trees/AppleTree/ReadyBubble/AppleIcon","Assets/Arts/UI/Apple.png","Apple","16","16","16","0.2","0.2","0.296","0.296","0.296","0.296","Default","10","true"
"Zone01","_World/World/Zone01/ResourcesNode/AppleTree","Assets/Arts/ResourcesNode/Tree/AppleTree/apple_tree_idle.png","apple_tree_idle_0","96","96","32","1","1","1","1","3","3","Default","5","true"
"Zone01","_World/World/Zone01/ResourcesNode/AppleTree/ReadyBubble","Assets/Arts/UI/Bubble_32x28.png","Bubble_32x28","32","28","64","1.478","1.48","1.478","1.48","0.739","0.648","Default","10","true"
"Zone01","_World/World/Zone01/ResourcesNode/AppleTree/ReadyBubble/AppleIcon","Assets/Arts/UI/Apple.png","Apple","16","16","16","0.2","0.2","0.296","0.296","0.296","0.296","Default","10","true"
"Zone01","_World/World/Zone01/ResourcesNode/Bushes/PurpleBush","Assets/Arts/ResourcesNode/Tree/Bush_Map_Idle.png","Bush_Map_Idle_0","64","64","64","1","1","1","1","1","1","Default","3","true"
"Zone01","_World/World/Zone01/ResourcesNode/Bushes/PurpleBush (1)","Assets/Arts/ResourcesNode/Tree/Bush_Map_Idle.png","Bush_Map_Idle_0","64","64","64","1","1","1","1","1","1","Default","3","true"
"Zone01","_World/World/Zone01/ResourcesNode/Bushes/PurpleBush (1)/DropPoint","Packages/com.unity.2d.sprite/Editor/ObjectMenuCreation/DefaultAssets/Textures/v2/Square.png","Square","256","256","256","1","0.171","1","0.171","1","0.171","Default","0","false"
"Zone01","_World/World/Zone01/ResourcesNode/Bushes/PurpleBush (1)/ReadyBubble","Assets/Arts/UI/Bubble_32x28.png","Bubble_32x28","32","28","64","1","1","1","1","0.5","0.438","Default","0","true"
"Zone01","_World/World/Zone01/ResourcesNode/Bushes/PurpleBush (1)/ReadyBubble/Icon","Assets/Arts/ResourcesNode/Tree/BlueBerryBush/PurpleBerry_Harvest_Click.png","PurpleBerry_Harvest_Click_0","64","64","64","0.4","0.4","0.4","0.4","0.4","0.4","Default","2","true"
"Zone01","_World/World/Zone01/ResourcesNode/Bushes/PurpleBush (2)","Assets/Arts/ResourcesNode/Tree/Bush_Map_Idle.png","Bush_Map_Idle_0","64","64","64","1","1","1","1","1","1","Default","3","true"
"Zone01","_World/World/Zone01/ResourcesNode/Bushes/PurpleBush (2)/DropPoint","Packages/com.unity.2d.sprite/Editor/ObjectMenuCreation/DefaultAssets/Textures/v2/Square.png","Square","256","256","256","1","0.171","1","0.171","1","0.171","Default","0","false"
"Zone01","_World/World/Zone01/ResourcesNode/Bushes/PurpleBush (2)/ReadyBubble","Assets/Arts/UI/Bubble_32x28.png","Bubble_32x28","32","28","64","1","1","1","1","0.5","0.438","Default","0","true"
"Zone01","_World/World/Zone01/ResourcesNode/Bushes/PurpleBush (2)/ReadyBubble/Icon","Assets/Arts/ResourcesNode/Tree/BlueBerryBush/PurpleBerry_Harvest_Click.png","PurpleBerry_Harvest_Click_0","64","64","64","0.4","0.4","0.4","0.4","0.4","0.4","Default","2","true"
"Zone01","_World/World/Zone01/ResourcesNode/Bushes/PurpleBush/DropPoint","Packages/com.unity.2d.sprite/Editor/ObjectMenuCreation/DefaultAssets/Textures/v2/Square.png","Square","256","256","256","1","0.171","1","0.171","1","0.171","Default","0","false"
"Zone01","_World/World/Zone01/ResourcesNode/Bushes/PurpleBush/ReadyBubble","Assets/Arts/UI/Bubble_32x28.png","Bubble_32x28","32","28","64","1","1","1","1","0.5","0.438","Default","0","true"
"Zone01","_World/World/Zone01/ResourcesNode/Bushes/PurpleBush/ReadyBubble/Icon","Assets/Arts/ResourcesNode/Tree/BlueBerryBush/PurpleBerry_Harvest_Click.png","PurpleBerry_Harvest_Click_0","64","64","64","0.4","0.4","0.4","0.4","0.4","0.4","Default","2","true"
"Zone01","_World/World/Zone01/ResourcesNode/Decors/Flower_White (1)/Flower_Visual","Assets/Arts/ResourcesNode/Enviroment/flower_White-sheet.png","flower_White-sheet_0","64","64","118","1","1","1","1","0.542","0.542","Default","0","true"
"Zone01","_World/World/Zone01/ResourcesNode/Decors/Flower_White (2)/Flower_Visual","Assets/Arts/ResourcesNode/Enviroment/flower_White-sheet.png","flower_White-sheet_0","64","64","118","1","1","1","1","0.542","0.542","Default","0","true"
"Zone01","_World/World/Zone01/ResourcesNode/Decors/Flower_White/Flower_Visual","Assets/Arts/ResourcesNode/Enviroment/flower_White-sheet.png","flower_White-sheet_0","64","64","118","1","1","1","1","0.542","0.542","Default","0","true"
"Zone01","_World/World/Zone01/ResourcesNode/Decors/fallen_log-sheet","Assets/Arts/ResourcesNode/Enviroment/fallen_log-sheet.png","fallen_log-sheet","64","64","64","1","1","1","1","1","1","Default","0","true"
"Zone01","_World/World/Zone01/ResourcesNode/Decors/grass_tilemap00","Assets/Arts/ResourcesNode/Enviroment/grass_tilemap00.png","grass_tilemap00","16","16","32","1","1","1","1","0.5","0.5","Default","6","true"
"Zone01","_World/World/Zone01/ResourcesNode/Decors/grass_tilemap00 (1)","Assets/Arts/ResourcesNode/Enviroment/grass_tilemap00.png","grass_tilemap00","16","16","32","1","1","1","1","0.5","0.5","Default","6","true"
"Zone01","_World/World/Zone01/ResourcesNode/Decors/grass_tilemap00 (2)","Assets/Arts/ResourcesNode/Enviroment/grass_tilemap00.png","grass_tilemap00","16","16","32","1","1","1","1","0.5","0.5","Default","6","true"
"Zone01","_World/World/Zone01/ResourcesNode/Decors/grass_tilemap00 (3)","Assets/Arts/ResourcesNode/Enviroment/grass_tilemap00.png","grass_tilemap00","16","16","32","1","1","1","1","0.5","0.5","Default","6","true"
"Zone01","_World/World/Zone01/ResourcesNode/Decors/grass_tilemap00 (4)","Assets/Arts/ResourcesNode/Enviroment/grass_tilemap00.png","grass_tilemap00","16","16","32","1","1","1","1","0.5","0.5","Default","6","true"
"Zone01","_World/World/Zone01/ResourcesNode/Decors/grass_tilemap00 (5)","Assets/Arts/ResourcesNode/Enviroment/grass_tilemap00.png","grass_tilemap00","16","16","32","1","1","1","1","0.5","0.5","Default","6","true"
"Zone01","_World/World/Zone01/ResourcesNode/Decors/grass_tilemap00 (6)","Assets/Arts/ResourcesNode/Enviroment/grass_tilemap00.png","grass_tilemap00","16","16","32","1","1","1","1","0.5","0.5","Default","6","true"
"Zone01","_World/World/Zone01/ResourcesNode/Decors/grass_tilemap00 (7)","Assets/Arts/ResourcesNode/Enviroment/grass_tilemap00.png","grass_tilemap00","16","16","32","1","1","1","1","0.5","0.5","Default","6","true"
"Zone01","_World/World/Zone01/ResourcesNode/Decors/grass_tilemap00 (8)","Assets/Arts/ResourcesNode/Enviroment/grass_tilemap00.png","grass_tilemap00","16","16","32","1","1","1","1","0.5","0.5","Default","6","true"
"Zone01","_World/World/Zone01/ResourcesNode/Harvest/green_mushroom_map","Assets/Arts/ResourcesNode/Harvest/GreenMushroom/green_mushroom_map.png","green_mushroom_map","32","32","64","1","1","1","1","0.5","0.5","Default","10","true"
"Zone01_Fog","_World/World/Zone01/Zone01_Fog/Button_Unlock","Assets/Arts/UI/padlock_lock.png","padlock_lock","48","48","32","1","1","1","1","1.5","1.5","Default","3","true"
"Zone02","_World/World/Zone02/ResourcesNode/Decors/Fence (1)/Fence_down","Assets/Arts/ResourcesNode/Enviroment/fencedown.png","fencedown","48","48","48","1","1","1","1","1","1","Default","9891","true"
"Zone02","_World/World/Zone02/ResourcesNode/Decors/Fence (1)/fence_top","Assets/Arts/ResourcesNode/Enviroment/fence_top.png","fence_top","48","48","48","1","1","1","1","1","1","Default","9643","true"
"Zone02","_World/World/Zone02/ResourcesNode/Decors/Fence/Fence_down","Assets/Arts/ResourcesNode/Enviroment/fencedown.png","fencedown","48","48","48","1","1","1","1","1","1","Default","9891","true"
"Zone02","_World/World/Zone02/ResourcesNode/Decors/Fence/fence_top","Assets/Arts/ResourcesNode/Enviroment/fence_top.png","fence_top","48","48","48","1","1","1","1","1","1","Default","9643","true"
"Zone02","_World/World/Zone02/ResourcesNode/Decors/Flower_Pink/Flower_Visual","Assets/Arts/ResourcesNode/Enviroment/flower_pink-sheet.png","flower_pink-sheet_0","64","64","118","1","1","1","1","0.542","0.542","Default","0","true"
"Zone02","_World/World/Zone02/ResourcesNode/Decors/bigstone-sheet (2)","Assets/Arts/ResourcesNode/Enviroment/bigstone-sheet.png","bigstone-sheet","64","64","64","1","1","1","1","1","1","Default","0","true"
"Zone02","_World/World/Zone02/ResourcesNode/Decors/decor","Assets/Arts/ResourcesNode/Enviroment/decor.png","decor","64","64","64","1","1","1","1","1","1","Default","0","true"
"Zone02","_World/World/Zone02/ResourcesNode/Decors/decor_item","Assets/Arts/ResourcesNode/Enviroment/decor_item.png","decor_item","32","32","100","1","1","1","1","0.32","0.32","Default","0","true"
"Zone02","_World/World/Zone02/ResourcesNode/Decors/decor_item2","Assets/Arts/ResourcesNode/Enviroment/decor_item2.png","decor_item2","64","64","64","1","1","1","1","1","1","Default","0","true"
"Zone02","_World/World/Zone02/ResourcesNode/Decors/grass_tilemap00","Assets/Arts/ResourcesNode/Enviroment/grass_tilemap00.png","grass_tilemap00","16","16","32","1","1","1","1","0.5","0.5","Default","6","true"
"Zone02","_World/World/Zone02/ResourcesNode/Decors/grass_tilemap00 (1)","Assets/Arts/ResourcesNode/Enviroment/grass_tilemap00.png","grass_tilemap00","16","16","32","1","1","1","1","0.5","0.5","Default","6","true"
"Zone02","_World/World/Zone02/ResourcesNode/Decors/grass_tilemap00 (2)","Assets/Arts/ResourcesNode/Enviroment/grass_tilemap00.png","grass_tilemap00","16","16","32","1","1","1","1","0.5","0.5","Default","6","true"
"Zone02","_World/World/Zone02/ResourcesNode/Decors/grass_tilemap00 (3)","Assets/Arts/ResourcesNode/Enviroment/grass_tilemap00.png","grass_tilemap00","16","16","32","1","1","1","1","0.5","0.5","Default","6","true"
"Zone02","_World/World/Zone02/ResourcesNode/Decors/grass_tilemap00 (4)","Assets/Arts/ResourcesNode/Enviroment/grass_tilemap00.png","grass_tilemap00","16","16","32","1","1","1","1","0.5","0.5","Default","6","true"
"Zone02","_World/World/Zone02/ResourcesNode/Decors/grass_tilemap00 (5)","Assets/Arts/ResourcesNode/Enviroment/grass_tilemap00.png","grass_tilemap00","16","16","32","1","1","1","1","0.5","0.5","Default","6","true"
"Zone02","_World/World/Zone02/ResourcesNode/Decors/grass_tilemap00 (6)","Assets/Arts/ResourcesNode/Enviroment/grass_tilemap00.png","grass_tilemap00","16","16","32","1","1","1","1","0.5","0.5","Default","6","true"
"Zone02","_World/World/Zone02/ResourcesNode/Decors/grass_tilemap00 (7)","Assets/Arts/ResourcesNode/Enviroment/grass_tilemap00.png","grass_tilemap00","16","16","32","1","1","1","1","0.5","0.5","Default","6","true"
"Zone02","_World/World/Zone02/ResourcesNode/Decors/log-sheet","Assets/Arts/ResourcesNode/Enviroment/log-sheet.png","log-sheet","64","64","64","1","1","1","1","1","1","Default","0","true"
"Zone02","_World/World/Zone02/ResourcesNode/Decors/smallstone-sheet (1)","Assets/Arts/ResourcesNode/Enviroment/smallstone-sheet.png","smallstone-sheet","64","64","72","1","1","1","1","0.889","0.889","Default","3","true"
"Zone02","_World/World/Zone02/ResourcesNode/Decors/smallstone-sheet (2)","Assets/Arts/ResourcesNode/Enviroment/smallstone-sheet.png","smallstone-sheet","64","64","72","1","1","1","1","0.889","0.889","Default","3","true"
"Zone02","_World/World/Zone02/ResourcesNode/Decors/solid","Assets/Arts/ResourcesNode/Enviroment/solid.png","solid","64","64","88","1","1","1","1","0.727","0.727","Default","0","true"
"Zone02","_World/World/Zone02/ResourcesNode/Decors/solid (1)","Assets/Arts/ResourcesNode/Enviroment/solid.png","solid","64","64","88","1","1","1","1","0.727","0.727","Default","0","true"
"Zone02","_World/World/Zone02/ResourcesNode/Decors/solid (2)","Assets/Arts/ResourcesNode/Enviroment/solid.png","solid","64","64","88","1","1","1","1","0.727","0.727","Default","0","true"
"Zone02","_World/World/Zone02/ResourcesNode/Decors/solid (3)","Assets/Arts/ResourcesNode/Enviroment/solid.png","solid","64","64","88","1","1","1","1","0.727","0.727","Default","0","true"
"Zone02","_World/World/Zone02/ResourcesNode/Harvest/Pumpkins/pumpkin_map","Assets/Arts/ResourcesNode/Harvest/Pumpkin/pumpkin_map.png","pumpkin_map","64","64","64","1","1","1","1","1","1","Default","10","true"
"Zone02","_World/World/Zone02/ResourcesNode/Harvest/Pumpkins/pumpkin_map (1)","Assets/Arts/ResourcesNode/Harvest/Pumpkin/pumpkin_map.png","pumpkin_map","64","64","64","1","1","1","1","1","1","Default","10","true"
"Zone02","_World/World/Zone02/ResourcesNode/Harvest/eggplant_map","Assets/Arts/ResourcesNode/Harvest/EggPlant/eggplant_map.png","eggplant_map","48","48","64","1","1","1","1","0.75","0.75","Default","10","true"
"Zone02","_World/World/Zone02/ResourcesNode/Harvest/eggplant_map (1)","Assets/Arts/ResourcesNode/Harvest/EggPlant/eggplant_map.png","eggplant_map","48","48","64","1","1","1","1","0.75","0.75","Default","10","true"
"Zone02_Fog","_World/World/Zone02/Zone02_Fog/Button_Unlock","Assets/Arts/UI/padlock_lock.png","padlock_lock","48","48","32","1","1","1","1","1.5","1.5","Default","3","true"
"Zone03","_World/World/Zone03/Decors/Big_Bamboo (2)/Bamboo_Visual","Assets/Arts/ResourcesNode/Enviroment/bigBamboo.png","bigBamboo_0","64","64","32","1","1","1","1","2","2","Default","0","true"
"Zone03","_World/World/Zone03/Decors/Small_Bamboo/Bamboo_Visual","Assets/Arts/ResourcesNode/Enviroment/small_bamboo-sheet.png","small_bamboo-sheet_0","64","64","32","1","1","1","1","2","2","Default","0","true"
"Zone03","_World/World/Zone03/Decors/bamboo_leaf","Assets/Arts/ResourcesNode/Enviroment/bamboo/bamboo_leaf.png","bamboo_leaf","64","64","100","1","1","1","1","0.64","0.64","Default","0","true"
"Zone03","_World/World/Zone03/Decors/bamboo_leaf (1)","Assets/Arts/ResourcesNode/Enviroment/bamboo/bamboo_leaf.png","bamboo_leaf","64","64","100","1","1","1","1","0.64","0.64","Default","0","true"
"Zone03","_World/World/Zone03/Decors/grass_bamboo (2)","Assets/Arts/ResourcesNode/Enviroment/grass_bamboo.png","grass_bamboo","64","64","64","1","1","1","1","1","1","Default","2","true"
"Zone03","_World/World/Zone03/Decors/grass_tilemap00 (10)","Assets/Arts/ResourcesNode/Enviroment/grass_tilemap00.png","grass_tilemap00","16","16","32","1","1","1","1","0.5","0.5","Default","6","true"
"Zone03","_World/World/Zone03/Decors/grass_tilemap00 (11)","Assets/Arts/ResourcesNode/Enviroment/grass_tilemap00.png","grass_tilemap00","16","16","32","1","1","1","1","0.5","0.5","Default","6","true"
"Zone03","_World/World/Zone03/Decors/grass_tilemap00 (12)","Assets/Arts/ResourcesNode/Enviroment/grass_tilemap00.png","grass_tilemap00","16","16","32","1","1","1","1","0.5","0.5","Default","6","true"
"Zone03","_World/World/Zone03/Decors/grass_tilemap00 (13)","Assets/Arts/ResourcesNode/Enviroment/grass_tilemap00.png","grass_tilemap00","16","16","32","1","1","1","1","0.5","0.5","Default","6","true"
"Zone03","_World/World/Zone03/Decors/grass_tilemap00 (14)","Assets/Arts/ResourcesNode/Enviroment/grass_tilemap00.png","grass_tilemap00","16","16","32","1","1","1","1","0.5","0.5","Default","6","true"
"Zone03","_World/World/Zone03/Decors/grass_tilemap00 (5)","Assets/Arts/ResourcesNode/Enviroment/grass_tilemap00.png","grass_tilemap00","16","16","32","1","1","1","1","0.5","0.5","Default","6","true"
"Zone03","_World/World/Zone03/Decors/grass_tilemap00 (6)","Assets/Arts/ResourcesNode/Enviroment/grass_tilemap00.png","grass_tilemap00","16","16","32","1","1","1","1","0.5","0.5","Default","6","true"
"Zone03","_World/World/Zone03/Decors/grass_tilemap00 (7)","Assets/Arts/ResourcesNode/Enviroment/grass_tilemap00.png","grass_tilemap00","16","16","32","1","1","1","1","0.5","0.5","Default","6","true"
"Zone03","_World/World/Zone03/Decors/grass_tilemap00 (8)","Assets/Arts/ResourcesNode/Enviroment/grass_tilemap00.png","grass_tilemap00","16","16","32","1","1","1","1","0.5","0.5","Default","6","true"
"Zone03","_World/World/Zone03/Decors/grass_tilemap00 (9)","Assets/Arts/ResourcesNode/Enviroment/grass_tilemap00.png","grass_tilemap00","16","16","32","1","1","1","1","0.5","0.5","Default","6","true"
"Zone03","_World/World/Zone03/Decors/simple-stone-japanese-style","Assets/Arts/ResourcesNode/Enviroment/simple-stone-japanese-style.png","simple-stone-japanese-style","64","64","48","1","1","1","1","1.333","1.333","Default","0","true"
"Zone03","_World/World/Zone03/ResourcesNode/Harvest/Bamboo_Shoot (2)","Assets/Arts/ResourcesNode/Enviroment/bamboo-shoot-map.png","bamboo-shoot-map","64","64","64","1","1","1","1","1","1","Default","0","true"
"Zone03_Fog","_World/World/Zone03/Zone03_Fog/Button_Unlock","Assets/Arts/UI/padlock_lock.png","padlock_lock","48","48","32","1","1","1","1","1.5","1.5","Default","3","true"
"Zone04","_World/World/Zone04/Decors/Big_Bamboo (1)/Bamboo_Visual","Assets/Arts/ResourcesNode/Enviroment/bigBamboo.png","bigBamboo_0","64","64","32","1","1","1","1","2","2","Default","0","true"
"Zone04","_World/World/Zone04/Decors/Big_Bamboo (3)/Bamboo_Visual","Assets/Arts/ResourcesNode/Enviroment/bigBamboo.png","bigBamboo_0","64","64","32","1","1","1","1","2","2","Default","0","true"
"Zone04","_World/World/Zone04/Decors/Big_Bamboo/Bamboo_Visual","Assets/Arts/ResourcesNode/Enviroment/bigBamboo.png","bigBamboo_0","64","64","32","1","1","1","1","2","2","Default","0","true"
"Zone04","_World/World/Zone04/Decors/bamboo_leaf (2)","Assets/Arts/ResourcesNode/Enviroment/bamboo/bamboo_leaf.png","bamboo_leaf","64","64","100","1","1","1","1","0.64","0.64","Default","0","true"
"Zone04","_World/World/Zone04/Decors/bamboo_leaf (3)","Assets/Arts/ResourcesNode/Enviroment/bamboo/bamboo_leaf.png","bamboo_leaf","64","64","100","1","1","1","1","0.64","0.64","Default","0","true"
"Zone04","_World/World/Zone04/Decors/bamboo_leaf (4)","Assets/Arts/ResourcesNode/Enviroment/bamboo/bamboo_leaf.png","bamboo_leaf","64","64","100","1","1","1","1","0.64","0.64","Default","0","true"
"Zone04","_World/World/Zone04/Decors/grass_bamboo","Assets/Arts/ResourcesNode/Enviroment/grass_bamboo.png","grass_bamboo","64","64","64","1","1","1","1","1","1","Default","2","true"
"Zone04","_World/World/Zone04/Decors/grass_bamboo (1)","Assets/Arts/ResourcesNode/Enviroment/grass_bamboo.png","grass_bamboo","64","64","64","1","1","1","1","1","1","Default","2","true"
"Zone04","_World/World/Zone04/Decors/grass_tilemap00 (14)","Assets/Arts/ResourcesNode/Enviroment/grass_tilemap00.png","grass_tilemap00","16","16","32","1","1","1","1","0.5","0.5","Default","6","true"
"Zone04","_World/World/Zone04/Decors/grass_tilemap00 (15)","Assets/Arts/ResourcesNode/Enviroment/grass_tilemap00.png","grass_tilemap00","16","16","32","1","1","1","1","0.5","0.5","Default","6","true"
"Zone04","_World/World/Zone04/Decors/grass_tilemap00 (16)","Assets/Arts/ResourcesNode/Enviroment/grass_tilemap00.png","grass_tilemap00","16","16","32","1","1","1","1","0.5","0.5","Default","6","true"
"Zone04","_World/World/Zone04/Decors/grass_tilemap00 (17)","Assets/Arts/ResourcesNode/Enviroment/grass_tilemap00.png","grass_tilemap00","16","16","32","1","1","1","1","0.5","0.5","Default","6","true"
"Zone04","_World/World/Zone04/Decors/grass_tilemap00 (18)","Assets/Arts/ResourcesNode/Enviroment/grass_tilemap00.png","grass_tilemap00","16","16","32","1","1","1","1","0.5","0.5","Default","6","true"
"Zone04","_World/World/Zone04/Decors/grass_tilemap00 (19)","Assets/Arts/ResourcesNode/Enviroment/grass_tilemap00.png","grass_tilemap00","16","16","32","1","1","1","1","0.5","0.5","Default","6","true"
"Zone04","_World/World/Zone04/Decors/grass_tilemap00 (20)","Assets/Arts/ResourcesNode/Enviroment/grass_tilemap00.png","grass_tilemap00","16","16","32","1","1","1","1","0.5","0.5","Default","6","true"
"Zone04","_World/World/Zone04/Decors/grass_tilemap00 (21)","Assets/Arts/ResourcesNode/Enviroment/grass_tilemap00.png","grass_tilemap00","16","16","32","1","1","1","1","0.5","0.5","Default","6","true"
"Zone04","_World/World/Zone04/Decors/grass_tilemap00 (22)","Assets/Arts/ResourcesNode/Enviroment/grass_tilemap00.png","grass_tilemap00","16","16","32","1","1","1","1","0.5","0.5","Default","6","true"
"Zone04","_World/World/Zone04/Decors/grass_tilemap00 (23)","Assets/Arts/ResourcesNode/Enviroment/grass_tilemap00.png","grass_tilemap00","16","16","32","1","1","1","1","0.5","0.5","Default","6","true"
"Zone04","_World/World/Zone04/Decors/threerock 1","Assets/Arts/ResourcesNode/Enviroment/bamboo/threerock.png","threerock","64","64","100","1","1","1","1","0.64","0.64","Default","0","true"
"Zone04","_World/World/Zone04/ResourcesNode/Harvest/mushroom_map","Assets/Arts/ResourcesNode/Harvest/Mushroom/mushroom_map.png","mushroom_map","64","64","64","1","1","1","1","1","1","Default","0","true"
"Zone04_Fog","_World/World/Zone04/Zone04_Fog/Button_Unlock","Assets/Arts/UI/padlock_lock.png","padlock_lock","48","48","32","1","1","1","1","1.5","1.5","Default","3","true"
"Zone05","_World/World/Zone05/Decors/Big_Bamboo (1)/Bamboo_Visual","Assets/Arts/ResourcesNode/Enviroment/bigBamboo.png","bigBamboo_0","64","64","32","1","1","1","1","2","2","Default","0","true"
"Zone05","_World/World/Zone05/Decors/Big_Bamboo (3)/Bamboo_Visual","Assets/Arts/ResourcesNode/Enviroment/bigBamboo.png","bigBamboo_0","64","64","32","1","1","1","1","2","2","Default","0","true"
"Zone05","_World/World/Zone05/Decors/Big_Bamboo/Bamboo_Visual","Assets/Arts/ResourcesNode/Enviroment/bigBamboo.png","bigBamboo_0","64","64","32","1","1","1","1","2","2","Default","0","true"
"Zone05","_World/World/Zone05/Decors/grass_bamboo","Assets/Arts/ResourcesNode/Enviroment/grass_bamboo.png","grass_bamboo","64","64","64","1","1","1","1","1","1","Default","2","true"
"Zone05","_World/World/Zone05/Decors/grass_bamboo (1)","Assets/Arts/ResourcesNode/Enviroment/grass_bamboo.png","grass_bamboo","64","64","64","1","1","1","1","1","1","Default","2","true"
"Zone05","_World/World/Zone05/ResourcesNode/Harvest/mushroom_map","Assets/Arts/ResourcesNode/Harvest/Mushroom/mushroom_map.png","mushroom_map","64","64","64","1","1","1","1","1","1","Default","0","true"
"Zone05_Fog","_World/World/Zone05/Zone05_Fog/Button_Unlock","Assets/Arts/UI/padlock_lock.png","padlock_lock","48","48","32","1","1","1","1","1.5","1.5","Default","3","true"
"Zone06","_World/World/Zone06/Decors/Big_Bamboo (3)/Bamboo_Visual","Assets/Arts/ResourcesNode/Enviroment/bigBamboo.png","bigBamboo_0","64","64","32","1","1","1","1","2","2","Default","0","true"
"Zone06","_World/World/Zone06/Decors/Big_Bamboo/Bamboo_Visual","Assets/Arts/ResourcesNode/Enviroment/bigBamboo.png","bigBamboo_0","64","64","32","1","1","1","1","2","2","Default","0","true"
"Zone06","_World/World/Zone06/Decors/grass_bamboo","Assets/Arts/ResourcesNode/Enviroment/grass_bamboo.png","grass_bamboo","64","64","64","1","1","1","1","1","1","Default","2","true"
"Zone06","_World/World/Zone06/Decors/grass_bamboo (1)","Assets/Arts/ResourcesNode/Enviroment/grass_bamboo.png","grass_bamboo","64","64","64","1","1","1","1","1","1","Default","2","true"
"Zone06","_World/World/Zone06/Decors/simple-stone-japanese-style (1)","Assets/Arts/ResourcesNode/Enviroment/simple-stone-japanese-style.png","simple-stone-japanese-style","64","64","48","1","1","1","1","1.333","1.333","Default","0","true"
"Zone06","_World/World/Zone06/ResourcesNode/Harvest/Bamboo_Shoot (3)","Assets/Arts/ResourcesNode/Enviroment/bamboo-shoot-map.png","bamboo-shoot-map","64","64","64","1","1","1","1","1","1","Default","0","true"
"Zone06_Fog","_World/World/Zone06/Zone06_Fog/Button_Unlock","Assets/Arts/UI/padlock_lock.png","padlock_lock","48","48","32","1","1","1","1","1.5","1.5","Default","3","true"
"Zone07","_World/World/Zone07/ResourcesNode/Decors/BeeHome_Map","Assets/Arts/ResourcesNode/Enviroment/bee/beehome.png","beehome","64","64","100","1","1","1","1","0.64","0.64","Default","10309","true"
"Zone07","_World/World/Zone07/ResourcesNode/Decors/BeeHome_Map/ReadyBubble","Assets/Arts/UI/Bubble_32x28.png","Bubble_32x28","32","28","64","1.478","1.48","1.478","1.48","0.739","0.648","Default","10","true"
"Zone07","_World/World/Zone07/ResourcesNode/Decors/BeeHome_Map/ReadyBubble/Icon","Assets/Arts/UI/Apple.png","Apple","16","16","16","1","1","1.478","1.48","1.478","1.48","Default","10","true"
"Zone07","_World/World/Zone07/ResourcesNode/Decors/Flower_Pink (19)/Flower_Visual","Assets/Arts/ResourcesNode/Enviroment/flower_pink-sheet.png","flower_pink-sheet_0","64","64","118","1","1","1","1","0.542","0.542","Default","0","true"
"Zone07","_World/World/Zone07/ResourcesNode/Decors/Flower_Pink (20)/Flower_Visual","Assets/Arts/ResourcesNode/Enviroment/flower_pink-sheet.png","flower_pink-sheet_0","64","64","118","1","1","1","1","0.542","0.542","Default","0","true"
"Zone07","_World/World/Zone07/ResourcesNode/Decors/Flower_Pink (21)/Flower_Visual","Assets/Arts/ResourcesNode/Enviroment/flower_pink-sheet.png","flower_pink-sheet_0","64","64","118","1","1","1","1","0.542","0.542","Default","0","true"
"Zone07","_World/World/Zone07/ResourcesNode/Decors/Flower_Pink (22)/Flower_Visual","Assets/Arts/ResourcesNode/Enviroment/flower_pink-sheet.png","flower_pink-sheet_0","64","64","118","1","1","1","1","0.542","0.542","Default","0","true"
"Zone07","_World/World/Zone07/ResourcesNode/Decors/Flower_Pink (23)/Flower_Visual","Assets/Arts/ResourcesNode/Enviroment/flower_pink-sheet.png","flower_pink-sheet_0","64","64","118","1","1","1","1","0.542","0.542","Default","0","true"
"Zone07","_World/World/Zone07/ResourcesNode/Decors/Flower_Pink (24)/Flower_Visual","Assets/Arts/ResourcesNode/Enviroment/flower_pink-sheet.png","flower_pink-sheet_0","64","64","118","1","1","1","1","0.542","0.542","Default","0","true"
"Zone07","_World/World/Zone07/ResourcesNode/Decors/Flower_White (12)/Flower_Visual","Assets/Arts/ResourcesNode/Enviroment/flower_White-sheet.png","flower_White-sheet_0","64","64","118","1","1","1","1","0.542","0.542","Default","0","true"
"Zone07","_World/World/Zone07/ResourcesNode/Decors/Flower_White (13)/Flower_Visual","Assets/Arts/ResourcesNode/Enviroment/flower_White-sheet.png","flower_White-sheet_0","64","64","118","1","1","1","1","0.542","0.542","Default","0","true"
"Zone07","_World/World/Zone07/ResourcesNode/Decors/Flower_White (14)/Flower_Visual","Assets/Arts/ResourcesNode/Enviroment/flower_White-sheet.png","flower_White-sheet_0","64","64","118","1","1","1","1","0.542","0.542","Default","0","true"
"Zone07","_World/World/Zone07/ResourcesNode/Decors/Flower_White (15)/Flower_Visual","Assets/Arts/ResourcesNode/Enviroment/flower_White-sheet.png","flower_White-sheet_0","64","64","118","1","1","1","1","0.542","0.542","Default","0","true"
"Zone07","_World/World/Zone07/ResourcesNode/Decors/Flower_White (16)/Flower_Visual","Assets/Arts/ResourcesNode/Enviroment/flower_White-sheet.png","flower_White-sheet_0","64","64","118","1","1","1","1","0.542","0.542","Default","0","true"
"Zone07","_World/World/Zone07/ResourcesNode/Decors/Flower_White (17)/Flower_Visual","Assets/Arts/ResourcesNode/Enviroment/flower_White-sheet.png","flower_White-sheet_0","64","64","118","1","1","1","1","0.542","0.542","Default","0","true"
"Zone07","_World/World/Zone07/ResourcesNode/Decors/fallen_log-sheet","Assets/Arts/ResourcesNode/Enviroment/fallen_log-sheet.png","fallen_log-sheet","64","64","64","1","1","1","1","1","1","Default","0","true"
"Zone07","_World/World/Zone07/ResourcesNode/Decors/fallen_log-sheet (1)","Assets/Arts/ResourcesNode/Enviroment/fallen_log-sheet.png","fallen_log-sheet","64","64","64","1","1","1","1","1","1","Default","0","true"
"Zone07","_World/World/Zone07/ResourcesNode/Decors/grass_tilemap00","Assets/Arts/ResourcesNode/Enviroment/grass_tilemap00.png","grass_tilemap00","16","16","32","1","1","1","1","0.5","0.5","Default","6","true"
"Zone07","_World/World/Zone07/ResourcesNode/Decors/grass_tilemap00 (1)","Assets/Arts/ResourcesNode/Enviroment/grass_tilemap00.png","grass_tilemap00","16","16","32","1","1","1","1","0.5","0.5","Default","6","true"
"Zone07","_World/World/Zone07/ResourcesNode/Decors/grass_tilemap00 (2)","Assets/Arts/ResourcesNode/Enviroment/grass_tilemap00.png","grass_tilemap00","16","16","32","1","1","1","1","0.5","0.5","Default","6","true"
"Zone07","_World/World/Zone07/ResourcesNode/Decors/grass_tilemap00 (3)","Assets/Arts/ResourcesNode/Enviroment/grass_tilemap00.png","grass_tilemap00","16","16","32","1","1","1","1","0.5","0.5","Default","6","true"
"Zone07","_World/World/Zone07/ResourcesNode/Decors/grass_tilemap00 (4)","Assets/Arts/ResourcesNode/Enviroment/grass_tilemap00.png","grass_tilemap00","16","16","32","1","1","1","1","0.5","0.5","Default","6","true"
"Zone07","_World/World/Zone07/ResourcesNode/Decors/grass_tilemap00 (5)","Assets/Arts/ResourcesNode/Enviroment/grass_tilemap00.png","grass_tilemap00","16","16","32","1","1","1","1","0.5","0.5","Default","6","true"
"Zone07","_World/World/Zone07/ResourcesNode/Decors/grass_tilemap00 (6)","Assets/Arts/ResourcesNode/Enviroment/grass_tilemap00.png","grass_tilemap00","16","16","32","1","1","1","1","0.5","0.5","Default","6","true"
"Zone07","_World/World/Zone07/ResourcesNode/Decors/grass_tilemap00 (7)","Assets/Arts/ResourcesNode/Enviroment/grass_tilemap00.png","grass_tilemap00","16","16","32","1","1","1","1","0.5","0.5","Default","6","true"
"Zone07","_World/World/Zone07/ResourcesNode/Decors/grass_tilemap00 (8)","Assets/Arts/ResourcesNode/Enviroment/grass_tilemap00.png","grass_tilemap00","16","16","32","1","1","1","1","0.5","0.5","Default","6","true"
"Zone07","_World/World/Zone07/ResourcesNode/Decors/yellow_flower-sheet_0","Assets/Arts/ResourcesNode/Enviroment/yellow_flower-sheet.png","yellow_flower-sheet_0","64","64","118","1","1","1","1","0.542","0.542","Default","0","true"
"Zone07","_World/World/Zone07/ResourcesNode/Decors/yellow_flower-sheet_0 (1)","Assets/Arts/ResourcesNode/Enviroment/yellow_flower-sheet.png","yellow_flower-sheet_0","64","64","118","1","1","1","1","0.542","0.542","Default","0","true"
"Zone07","_World/World/Zone07/ResourcesNode/Decors/yellow_flower-sheet_0 (2)","Assets/Arts/ResourcesNode/Enviroment/yellow_flower-sheet.png","yellow_flower-sheet_0","64","64","118","1","1","1","1","0.542","0.542","Default","0","true"
"Zone07","_World/World/Zone07/ResourcesNode/Decors/yellow_flower-sheet_0 (3)","Assets/Arts/ResourcesNode/Enviroment/yellow_flower-sheet.png","yellow_flower-sheet_0","64","64","118","1","1","1","1","0.542","0.542","Default","0","true"
"Zone07","_World/World/Zone07/ResourcesNode/Decors/yellow_flower-sheet_0 (4)","Assets/Arts/ResourcesNode/Enviroment/yellow_flower-sheet.png","yellow_flower-sheet_0","64","64","118","1","1","1","1","0.542","0.542","Default","0","true"
"Zone07","_World/World/Zone07/ResourcesNode/Decors/yellow_flower-sheet_0 (5)","Assets/Arts/ResourcesNode/Enviroment/yellow_flower-sheet.png","yellow_flower-sheet_0","64","64","118","1","1","1","1","0.542","0.542","Default","0","true"
"Zone07","_World/World/Zone07/ResourcesNode/Decors/yellow_flower-sheet_0 (6)","Assets/Arts/ResourcesNode/Enviroment/yellow_flower-sheet.png","yellow_flower-sheet_0","64","64","118","1","1","1","1","0.542","0.542","Default","0","true"
"Zone07_Fog","_World/World/Zone07/Zone07_Fog/Button_Unlock","Assets/Arts/UI/padlock_lock.png","padlock_lock","48","48","32","1","1","1","1","1.5","1.5","Default","3","true"
"Zone08","_World/World/Zone08/ResourcesNode/Decors/bigstone-sheet (2)","Assets/Arts/ResourcesNode/Enviroment/bigstone-sheet.png","bigstone-sheet","64","64","64","1","1","1","1","1","1","Default","0","true"
"Zone08","_World/World/Zone08/ResourcesNode/Decors/fallen_log-sheet (1)","Assets/Arts/ResourcesNode/Enviroment/fallen_log-sheet.png","fallen_log-sheet","64","64","64","1","1","1","1","1","1","Default","0","true"
"Zone08","_World/World/Zone08/ResourcesNode/Decors/grass_tilemap00","Assets/Arts/ResourcesNode/Enviroment/grass_tilemap00.png","grass_tilemap00","16","16","32","1","1","1","1","0.5","0.5","Default","6","true"
"Zone08","_World/World/Zone08/ResourcesNode/Decors/grass_tilemap00 (1)","Assets/Arts/ResourcesNode/Enviroment/grass_tilemap00.png","grass_tilemap00","16","16","32","1","1","1","1","0.5","0.5","Default","6","true"
"Zone08","_World/World/Zone08/ResourcesNode/Decors/grass_tilemap00 (2)","Assets/Arts/ResourcesNode/Enviroment/grass_tilemap00.png","grass_tilemap00","16","16","32","1","1","1","1","0.5","0.5","Default","6","true"
"Zone08","_World/World/Zone08/ResourcesNode/Decors/grass_tilemap00 (3)","Assets/Arts/ResourcesNode/Enviroment/grass_tilemap00.png","grass_tilemap00","16","16","32","1","1","1","1","0.5","0.5","Default","6","true"
"Zone08","_World/World/Zone08/ResourcesNode/Decors/grass_tilemap00 (4)","Assets/Arts/ResourcesNode/Enviroment/grass_tilemap00.png","grass_tilemap00","16","16","32","1","1","1","1","0.5","0.5","Default","6","true"
"Zone08","_World/World/Zone08/ResourcesNode/Decors/grass_tilemap00 (5)","Assets/Arts/ResourcesNode/Enviroment/grass_tilemap00.png","grass_tilemap00","16","16","32","1","1","1","1","0.5","0.5","Default","6","true"
"Zone08","_World/World/Zone08/ResourcesNode/Decors/grass_tilemap00 (6)","Assets/Arts/ResourcesNode/Enviroment/grass_tilemap00.png","grass_tilemap00","16","16","32","1","1","1","1","0.5","0.5","Default","6","true"
"Zone08","_World/World/Zone08/ResourcesNode/Decors/grass_tilemap00 (7)","Assets/Arts/ResourcesNode/Enviroment/grass_tilemap00.png","grass_tilemap00","16","16","32","1","1","1","1","0.5","0.5","Default","6","true"
"Zone08","_World/World/Zone08/ResourcesNode/Decors/grass_tilemap00 (8)","Assets/Arts/ResourcesNode/Enviroment/grass_tilemap00.png","grass_tilemap00","16","16","32","1","1","1","1","0.5","0.5","Default","6","true"
"Zone08","_World/World/Zone08/ResourcesNode/Decors/smallstone-sheet (2)","Assets/Arts/ResourcesNode/Enviroment/smallstone-sheet.png","smallstone-sheet","64","64","72","1","1","1","1","0.889","0.889","Default","3","true"
"Zone08","_World/World/Zone08/ResourcesNode/Decors/solid (2)","Assets/Arts/ResourcesNode/Enviroment/solid.png","solid","64","64","88","1","1","1","1","0.727","0.727","Default","0","true"
"Zone08","_World/World/Zone08/ResourcesNode/Decors/solid (4)","Assets/Arts/ResourcesNode/Enviroment/solid.png","solid","64","64","88","1","1","1","1","0.727","0.727","Default","0","true"
"Zone08","_World/World/Zone08/ResourcesNode/Harvest/Tomato_Map","Assets/Arts/ResourcesNode/Harvest/Tomato/Tomato_Map.png","Tomato_Map","64","64","64","1","1","1","1","1","1","Default","0","true"
"Zone08","_World/World/Zone08/ResourcesNode/Harvest/Tomato_Map (1)","Assets/Arts/ResourcesNode/Harvest/Tomato/Tomato_Map.png","Tomato_Map","64","64","64","1","1","1","1","1","1","Default","0","true"
"Zone08_Fog","_World/World/Zone08/Zone08_Fog/Button_Unlock","Assets/Arts/UI/padlock_lock.png","padlock_lock","48","48","32","1","1","1","1","1.5","1.5","Default","3","true"
"Zone09","_World/World/Zone09/ResourcesNode/Decors/BigStone_Cave_Moss","Assets/Arts/ResourcesNode/Enviroment/Cave/BigStone_Cave_Moss.png","BigStone_Cave_Moss","64","64","64","1","1","1","1","1","1","Default","9400","true"
"Zone09","_World/World/Zone09/ResourcesNode/Decors/BigStone_Cave_Moss (1)","Assets/Arts/ResourcesNode/Enviroment/Cave/BigStone_Cave_Moss.png","BigStone_Cave_Moss","64","64","64","1","1","1","1","1","1","Default","9199","true"
"Zone09","_World/World/Zone09/ResourcesNode/Decors/BigStone_Cave_Moss (2)","Assets/Arts/ResourcesNode/Enviroment/Cave/BigStone_Cave_Moss.png","BigStone_Cave_Moss","64","64","64","1","1","1","1","1","1","Default","8871","true"
"Zone09","_World/World/Zone09/ResourcesNode/Decors/Cave_grass_idle_animation_0","Assets/Arts/ResourcesNode/Enviroment/Cave/Cave_grass_idle_animation.png","Cave_grass_idle_animation_0","32","32","100","1","1","1","1","0.32","0.32","Default","9379","true"
"Zone09","_World/World/Zone09/ResourcesNode/Decors/Cave_grass_idle_animation_0 (1)","Assets/Arts/ResourcesNode/Enviroment/Cave/Cave_grass_idle_animation.png","Cave_grass_idle_animation_0","32","32","100","1","1","1","1","0.32","0.32","Default","9242","true"
"Zone09","_World/World/Zone09/ResourcesNode/Decors/Cave_grass_idle_animation_0 (2)","Assets/Arts/ResourcesNode/Enviroment/Cave/Cave_grass_idle_animation.png","Cave_grass_idle_animation_0","32","32","100","1","1","1","1","0.32","0.32","Default","9004","true"
"Zone09","_World/World/Zone09/ResourcesNode/Decors/Cave_grass_idle_animation_0 (3)","Assets/Arts/ResourcesNode/Enviroment/Cave/Cave_grass_idle_animation.png","Cave_grass_idle_animation_0","32","32","100","1","1","1","1","0.32","0.32","Default","9009","true"
"Zone09","_World/World/Zone09/ResourcesNode/Decors/Cave_grass_idle_animation_0 (4)","Assets/Arts/ResourcesNode/Enviroment/Cave/Cave_grass_idle_animation.png","Cave_grass_idle_animation_0","32","32","100","1","1","1","1","0.32","0.32","Default","9215","true"
"Zone09","_World/World/Zone09/ResourcesNode/Decors/Cave_grass_idle_animation_0 (5)","Assets/Arts/ResourcesNode/Enviroment/Cave/Cave_grass_idle_animation.png","Cave_grass_idle_animation_0","32","32","100","1","1","1","1","0.32","0.32","Default","9090","true"
"Zone09","_World/World/Zone09/ResourcesNode/Decors/Cave_grass_idle_animation_0 (6)","Assets/Arts/ResourcesNode/Enviroment/Cave/Cave_grass_idle_animation.png","Cave_grass_idle_animation_0","32","32","100","1","1","1","1","0.32","0.32","Default","8984","true"
"Zone09","_World/World/Zone09/ResourcesNode/Decors/Cave_grass_idle_animation_0 (7)","Assets/Arts/ResourcesNode/Enviroment/Cave/Cave_grass_idle_animation.png","Cave_grass_idle_animation_0","32","32","100","1","1","1","1","0.32","0.32","Default","8907","true"
"Zone09","_World/World/Zone09/ResourcesNode/Decors/Cave_grass_idle_animation_0 (8)","Assets/Arts/ResourcesNode/Enviroment/Cave/Cave_grass_idle_animation.png","Cave_grass_idle_animation_0","32","32","100","1","1","1","1","0.32","0.32","Default","9121","true"
"Zone09","_World/World/Zone09/ResourcesNode/Decors/Stone_Cave_Moss","Assets/Arts/ResourcesNode/Enviroment/Cave/Stone_Cave_Moss.png","Stone_Cave_Moss","64","64","64","1","1","1","1","1","1","Default","9044","true"
"Zone09","_World/World/Zone09/ResourcesNode/Decors/Stone_Cave_Moss (1)","Assets/Arts/ResourcesNode/Enviroment/Cave/Stone_Cave_Moss.png","Stone_Cave_Moss","64","64","64","1","1","1","1","1","1","Default","8969","true"
"Zone09","_World/World/Zone09/ResourcesNode/Decors/Stone_Cave_Moss (2)","Assets/Arts/ResourcesNode/Enviroment/Cave/Stone_Cave_Moss.png","Stone_Cave_Moss","64","64","64","1","1","1","1","1","1","Default","9067","true"
"Zone09","_World/World/Zone09/ResourcesNode/Decors/Stone_Cave_Moss (3)","Assets/Arts/ResourcesNode/Enviroment/Cave/Stone_Cave_Moss.png","Stone_Cave_Moss","64","64","64","1","1","1","1","1","1","Default","9039","true"
"Zone09","_World/World/Zone09/ResourcesNode/Decors/grass_tilemap00 (10)","Assets/Arts/ResourcesNode/Enviroment/grass_tilemap00.png","grass_tilemap00","16","16","32","1","1","1","1","0.5","0.5","Default","6","true"
"Zone09","_World/World/Zone09/ResourcesNode/Decors/grass_tilemap00 (11)","Assets/Arts/ResourcesNode/Enviroment/grass_tilemap00.png","grass_tilemap00","16","16","32","1","1","1","1","0.5","0.5","Default","6","true"
"Zone09","_World/World/Zone09/ResourcesNode/Decors/grass_tilemap00 (12)","Assets/Arts/ResourcesNode/Enviroment/grass_tilemap00.png","grass_tilemap00","16","16","32","1","1","1","1","0.5","0.5","Default","6","true"
"Zone09","_World/World/Zone09/ResourcesNode/Decors/grass_tilemap00 (13)","Assets/Arts/ResourcesNode/Enviroment/grass_tilemap00.png","grass_tilemap00","16","16","32","1","1","1","1","0.5","0.5","Default","6","true"
"Zone09","_World/World/Zone09/ResourcesNode/Decors/grass_tilemap00 (14)","Assets/Arts/ResourcesNode/Enviroment/grass_tilemap00.png","grass_tilemap00","16","16","32","1","1","1","1","0.5","0.5","Default","6","true"
"Zone09","_World/World/Zone09/ResourcesNode/Decors/grass_tilemap00 (15)","Assets/Arts/ResourcesNode/Enviroment/grass_tilemap00.png","grass_tilemap00","16","16","32","1","1","1","1","0.5","0.5","Default","6","true"
"Zone09","_World/World/Zone09/ResourcesNode/Decors/grass_tilemap00 (16)","Assets/Arts/ResourcesNode/Enviroment/grass_tilemap00.png","grass_tilemap00","16","16","32","1","1","1","1","0.5","0.5","Default","6","true"
"Zone09","_World/World/Zone09/ResourcesNode/Decors/grass_tilemap00 (17)","Assets/Arts/ResourcesNode/Enviroment/grass_tilemap00.png","grass_tilemap00","16","16","32","1","1","1","1","0.5","0.5","Default","6","true"
"Zone09","_World/World/Zone09/ResourcesNode/Decors/grass_tilemap00 (18)","Assets/Arts/ResourcesNode/Enviroment/grass_tilemap00.png","grass_tilemap00","16","16","32","1","1","1","1","0.5","0.5","Default","6","true"
"Zone09","_World/World/Zone09/ResourcesNode/Decors/grass_tilemap00 (19)","Assets/Arts/ResourcesNode/Enviroment/grass_tilemap00.png","grass_tilemap00","16","16","32","1","1","1","1","0.5","0.5","Default","6","true"
"Zone09","_World/World/Zone09/ResourcesNode/Decors/grass_tilemap00 (20)","Assets/Arts/ResourcesNode/Enviroment/grass_tilemap00.png","grass_tilemap00","16","16","32","1","1","1","1","0.5","0.5","Default","6","true"
"Zone09","_World/World/Zone09/ResourcesNode/Decors/grass_tilemap00 (21)","Assets/Arts/ResourcesNode/Enviroment/grass_tilemap00.png","grass_tilemap00","16","16","32","1","1","1","1","0.5","0.5","Default","6","true"
"Zone09","_World/World/Zone09/ResourcesNode/Decors/grass_tilemap00 (22)","Assets/Arts/ResourcesNode/Enviroment/grass_tilemap00.png","grass_tilemap00","16","16","32","1","1","1","1","0.5","0.5","Default","6","true"
"Zone09","_World/World/Zone09/ResourcesNode/Decors/grass_tilemap00 (23)","Assets/Arts/ResourcesNode/Enviroment/grass_tilemap00.png","grass_tilemap00","16","16","32","1","1","1","1","0.5","0.5","Default","6","true"
"Zone09","_World/World/Zone09/ResourcesNode/Decors/grass_tilemap00 (24)","Assets/Arts/ResourcesNode/Enviroment/grass_tilemap00.png","grass_tilemap00","16","16","32","1","1","1","1","0.5","0.5","Default","6","true"
"Zone09","_World/World/Zone09/ResourcesNode/Decors/grass_tilemap00 (25)","Assets/Arts/ResourcesNode/Enviroment/grass_tilemap00.png","grass_tilemap00","16","16","32","1","1","1","1","0.5","0.5","Default","6","true"
"Zone09","_World/World/Zone09/ResourcesNode/Decors/grass_tilemap00 (26)","Assets/Arts/ResourcesNode/Enviroment/grass_tilemap00.png","grass_tilemap00","16","16","32","1","1","1","1","0.5","0.5","Default","6","true"
"Zone09","_World/World/Zone09/ResourcesNode/Decors/grass_tilemap00 (9)","Assets/Arts/ResourcesNode/Enviroment/grass_tilemap00.png","grass_tilemap00","16","16","32","1","1","1","1","0.5","0.5","Default","6","true"
"Zone09","_World/World/Zone09/ResourcesNode/Harvest/Crystal_Cluster_Map","Assets/Arts/ResourcesNode/Enviroment/Cave/Crystal_Cluster_Map.png","Crystal_Cluster_Map","64","64","64","1","1","1","1","1","1","Default","9285","true"
"Zone09","_World/World/Zone09/ResourcesNode/Harvest/Crystal_Cluster_Map (1)","Assets/Arts/ResourcesNode/Enviroment/Cave/Crystal_Cluster_Map.png","Crystal_Cluster_Map","64","64","64","1","1","1","1","1","1","Default","9013","true"
"Zone09","_World/World/Zone09/ResourcesNode/Harvest/Crystal_Cluster_Map (1)/ReadyBubble","Assets/Arts/UI/Bubble_32x28.png","Bubble_32x28","32","28","64","1.478","1.48","1.478","1.48","0.739","0.648","Default","10","true"
"Zone09","_World/World/Zone09/ResourcesNode/Harvest/Crystal_Cluster_Map (1)/ReadyBubble/AppleIcon","Assets/Arts/UI/Apple.png","Apple","16","16","16","0.2","0.2","0.296","0.296","0.296","0.296","Default","10","true"
"Zone09","_World/World/Zone09/ResourcesNode/Harvest/Crystal_Cluster_Map/ReadyBubble","Assets/Arts/UI/Bubble_32x28.png","Bubble_32x28","32","28","64","1.478","1.48","1.478","1.48","0.739","0.648","Default","10","true"
"Zone09","_World/World/Zone09/ResourcesNode/Harvest/Crystal_Cluster_Map/ReadyBubble/AppleIcon","Assets/Arts/UI/Apple.png","Apple","16","16","16","0.2","0.2","0.296","0.296","0.296","0.296","Default","10","true"
"Zone09_Fog","_World/World/Zone09/Zone09_Fog/Button_Unlock","Assets/Arts/UI/padlock_lock.png","padlock_lock","48","48","32","1","1","1","1","1.5","1.5","Default","3","true"
"Zone10","_World/World/Zone10/ResourcesNode/Decors/Cave_grass_idle_animation_0","Assets/Arts/ResourcesNode/Enviroment/Cave/Cave_grass_idle_animation.png","Cave_grass_idle_animation_0","32","32","100","1","1","1","1","0.32","0.32","Default","9362","true"
"Zone10","_World/World/Zone10/ResourcesNode/Decors/Single_Stalagmite","Assets/Arts/ResourcesNode/Enviroment/Cave/Single_Stalagmite.png","Single_Stalagmite","64","64","64","1","1","1","1","1","1","Default","9257","true"
"Zone10","_World/World/Zone10/ResourcesNode/Decors/Single_Stalagmite (1)","Assets/Arts/ResourcesNode/Enviroment/Cave/Single_Stalagmite.png","Single_Stalagmite","64","64","64","1","1","1","1","1","1","Default","9304","true"
"Zone10","_World/World/Zone10/ResourcesNode/Decors/Single_Stalagmite (2)","Assets/Arts/ResourcesNode/Enviroment/Cave/Single_Stalagmite.png","Single_Stalagmite","64","64","64","1","1","1","1","1","1","Default","9110","true"
"Zone10","_World/World/Zone10/ResourcesNode/Decors/Stalagmite_Cluster","Assets/Arts/ResourcesNode/Enviroment/Cave/Stalagmite_Cluster.png","Stalagmite_Cluster","64","64","64","1","1","1","1","1","1","Default","9109","true"
"Zone10","_World/World/Zone10/ResourcesNode/Decors/Stalagmite_Cluster (1)","Assets/Arts/ResourcesNode/Enviroment/Cave/Stalagmite_Cluster.png","Stalagmite_Cluster","64","64","64","1","1","1","1","1","1","Default","8943","true"
"Zone10","_World/World/Zone10/ResourcesNode/Decors/Stalagmite_Cluster (2)","Assets/Arts/ResourcesNode/Enviroment/Cave/Stalagmite_Cluster.png","Stalagmite_Cluster","64","64","64","1","1","1","1","1","1","Default","8957","true"
"Zone10","_World/World/Zone10/ResourcesNode/Decors/grass_tilemap00 (10)","Assets/Arts/ResourcesNode/Enviroment/grass_tilemap00.png","grass_tilemap00","16","16","32","1","1","1","1","0.5","0.5","Default","6","true"
"Zone10","_World/World/Zone10/ResourcesNode/Decors/grass_tilemap00 (11)","Assets/Arts/ResourcesNode/Enviroment/grass_tilemap00.png","grass_tilemap00","16","16","32","1","1","1","1","0.5","0.5","Default","6","true"
"Zone10","_World/World/Zone10/ResourcesNode/Decors/grass_tilemap00 (12)","Assets/Arts/ResourcesNode/Enviroment/grass_tilemap00.png","grass_tilemap00","16","16","32","1","1","1","1","0.5","0.5","Default","6","true"
"Zone10","_World/World/Zone10/ResourcesNode/Decors/grass_tilemap00 (13)","Assets/Arts/ResourcesNode/Enviroment/grass_tilemap00.png","grass_tilemap00","16","16","32","1","1","1","1","0.5","0.5","Default","6","true"
"Zone10","_World/World/Zone10/ResourcesNode/Decors/grass_tilemap00 (14)","Assets/Arts/ResourcesNode/Enviroment/grass_tilemap00.png","grass_tilemap00","16","16","32","1","1","1","1","0.5","0.5","Default","6","true"
"Zone10","_World/World/Zone10/ResourcesNode/Decors/grass_tilemap00 (15)","Assets/Arts/ResourcesNode/Enviroment/grass_tilemap00.png","grass_tilemap00","16","16","32","1","1","1","1","0.5","0.5","Default","6","true"
"Zone10","_World/World/Zone10/ResourcesNode/Decors/grass_tilemap00 (16)","Assets/Arts/ResourcesNode/Enviroment/grass_tilemap00.png","grass_tilemap00","16","16","32","1","1","1","1","0.5","0.5","Default","6","true"
"Zone10","_World/World/Zone10/ResourcesNode/Decors/grass_tilemap00 (17)","Assets/Arts/ResourcesNode/Enviroment/grass_tilemap00.png","grass_tilemap00","16","16","32","1","1","1","1","0.5","0.5","Default","6","true"
"Zone10","_World/World/Zone10/ResourcesNode/Decors/grass_tilemap00 (18)","Assets/Arts/ResourcesNode/Enviroment/grass_tilemap00.png","grass_tilemap00","16","16","32","1","1","1","1","0.5","0.5","Default","6","true"
"Zone10","_World/World/Zone10/ResourcesNode/Decors/grass_tilemap00 (19)","Assets/Arts/ResourcesNode/Enviroment/grass_tilemap00.png","grass_tilemap00","16","16","32","1","1","1","1","0.5","0.5","Default","6","true"
"Zone10","_World/World/Zone10/ResourcesNode/Decors/grass_tilemap00 (20)","Assets/Arts/ResourcesNode/Enviroment/grass_tilemap00.png","grass_tilemap00","16","16","32","1","1","1","1","0.5","0.5","Default","6","true"
"Zone10","_World/World/Zone10/ResourcesNode/Decors/grass_tilemap00 (21)","Assets/Arts/ResourcesNode/Enviroment/grass_tilemap00.png","grass_tilemap00","16","16","32","1","1","1","1","0.5","0.5","Default","6","true"
"Zone10","_World/World/Zone10/ResourcesNode/Decors/grass_tilemap00 (22)","Assets/Arts/ResourcesNode/Enviroment/grass_tilemap00.png","grass_tilemap00","16","16","32","1","1","1","1","0.5","0.5","Default","6","true"
"Zone10","_World/World/Zone10/ResourcesNode/Decors/grass_tilemap00 (23)","Assets/Arts/ResourcesNode/Enviroment/grass_tilemap00.png","grass_tilemap00","16","16","32","1","1","1","1","0.5","0.5","Default","6","true"
"Zone10","_World/World/Zone10/ResourcesNode/Decors/grass_tilemap00 (24)","Assets/Arts/ResourcesNode/Enviroment/grass_tilemap00.png","grass_tilemap00","16","16","32","1","1","1","1","0.5","0.5","Default","6","true"
"Zone10","_World/World/Zone10/ResourcesNode/Decors/grass_tilemap00 (25)","Assets/Arts/ResourcesNode/Enviroment/grass_tilemap00.png","grass_tilemap00","16","16","32","1","1","1","1","0.5","0.5","Default","6","true"
"Zone10","_World/World/Zone10/ResourcesNode/Decors/grass_tilemap00 (26)","Assets/Arts/ResourcesNode/Enviroment/grass_tilemap00.png","grass_tilemap00","16","16","32","1","1","1","1","0.5","0.5","Default","6","true"
"Zone10","_World/World/Zone10/ResourcesNode/Decors/grass_tilemap00 (9)","Assets/Arts/ResourcesNode/Enviroment/grass_tilemap00.png","grass_tilemap00","16","16","32","1","1","1","1","0.5","0.5","Default","6","true"
"Zone10","_World/World/Zone10/ResourcesNode/Harvest/Crystal_Cluster_Map","Assets/Arts/ResourcesNode/Enviroment/Cave/Crystal_Cluster_Map.png","Crystal_Cluster_Map","64","64","64","1","1","1","1","1","1","Default","9280","true"
"Zone10","_World/World/Zone10/ResourcesNode/Harvest/Crystal_Cluster_Map/ReadyBubble","Assets/Arts/UI/Bubble_32x28.png","Bubble_32x28","32","28","64","1.478","1.48","1.478","1.48","0.739","0.648","Default","10","true"
"Zone10","_World/World/Zone10/ResourcesNode/Harvest/Crystal_Cluster_Map/ReadyBubble/AppleIcon","Assets/Arts/UI/Apple.png","Apple","16","16","16","0.2","0.2","0.296","0.296","0.296","0.296","Default","10","true"
"Zone10","_World/World/Zone10/ResourcesNode/Harvest/glowing_mushroom_map","Assets/Arts/ResourcesNode/Harvest/GlowingMushroom/glowing_mushroom_map.png","glowing_mushroom_map","64","64","100","1","1","1","1","0.64","0.64","Default","9159","true"
"Zone10","_World/World/Zone10/ResourcesNode/Harvest/glowing_mushroom_map (1)","Assets/Arts/ResourcesNode/Harvest/GlowingMushroom/glowing_mushroom_map.png","glowing_mushroom_map","64","64","100","1","1","1","1","0.64","0.64","Default","8988","true"
"Zone10_Fog","_World/World/Zone10/Zone10_Fog/Button_Unlock","Assets/Arts/UI/padlock_lock.png","padlock_lock","48","48","32","1","1","1","1","1.5","1.5","Default","3","true"
"Zone11","_World/World/Zone11/ResourcesNode/Decors/Cave_grass_idle_animation_0","Assets/Arts/ResourcesNode/Enviroment/Cave/Cave_grass_idle_animation.png","Cave_grass_idle_animation_0","32","32","100","1","1","1","1","0.32","0.32","Default","9344","true"
"Zone11","_World/World/Zone11/ResourcesNode/Decors/Single_Stalagmite","Assets/Arts/ResourcesNode/Enviroment/Cave/Single_Stalagmite.png","Single_Stalagmite","64","64","64","1","1","1","1","1","1","Default","9239","true"
"Zone11","_World/World/Zone11/ResourcesNode/Decors/Single_Stalagmite (1)","Assets/Arts/ResourcesNode/Enviroment/Cave/Single_Stalagmite.png","Single_Stalagmite","64","64","64","1","1","1","1","1","1","Default","9351","true"
"Zone11","_World/World/Zone11/ResourcesNode/Decors/Stalagmite_Cluster","Assets/Arts/ResourcesNode/Enviroment/Cave/Stalagmite_Cluster.png","Stalagmite_Cluster","64","64","64","1","1","1","1","1","1","Default","9091","true"
"Zone11","_World/World/Zone11/ResourcesNode/Decors/Stalagmite_Cluster (1)","Assets/Arts/ResourcesNode/Enviroment/Cave/Stalagmite_Cluster.png","Stalagmite_Cluster","64","64","64","1","1","1","1","1","1","Default","8917","true"
"Zone11","_World/World/Zone11/ResourcesNode/Decors/Stalagmite_Cluster (2)","Assets/Arts/ResourcesNode/Enviroment/Cave/Stalagmite_Cluster.png","Stalagmite_Cluster","64","64","64","1","1","1","1","1","1","Default","8988","true"
"Zone11","_World/World/Zone11/ResourcesNode/Decors/Stalagmite_Cluster (3)","Assets/Arts/ResourcesNode/Enviroment/Cave/Stalagmite_Cluster.png","Stalagmite_Cluster","64","64","64","1","1","1","1","1","1","Default","8905","true"
"Zone11","_World/World/Zone11/ResourcesNode/Decors/grass_tilemap00 (10)","Assets/Arts/ResourcesNode/Enviroment/grass_tilemap00.png","grass_tilemap00","16","16","32","1","1","1","1","0.5","0.5","Default","6","true"
"Zone11","_World/World/Zone11/ResourcesNode/Decors/grass_tilemap00 (11)","Assets/Arts/ResourcesNode/Enviroment/grass_tilemap00.png","grass_tilemap00","16","16","32","1","1","1","1","0.5","0.5","Default","6","true"
"Zone11","_World/World/Zone11/ResourcesNode/Decors/grass_tilemap00 (12)","Assets/Arts/ResourcesNode/Enviroment/grass_tilemap00.png","grass_tilemap00","16","16","32","1","1","1","1","0.5","0.5","Default","6","true"
"Zone11","_World/World/Zone11/ResourcesNode/Decors/grass_tilemap00 (13)","Assets/Arts/ResourcesNode/Enviroment/grass_tilemap00.png","grass_tilemap00","16","16","32","1","1","1","1","0.5","0.5","Default","6","true"
"Zone11","_World/World/Zone11/ResourcesNode/Decors/grass_tilemap00 (14)","Assets/Arts/ResourcesNode/Enviroment/grass_tilemap00.png","grass_tilemap00","16","16","32","1","1","1","1","0.5","0.5","Default","6","true"
"Zone11","_World/World/Zone11/ResourcesNode/Decors/grass_tilemap00 (15)","Assets/Arts/ResourcesNode/Enviroment/grass_tilemap00.png","grass_tilemap00","16","16","32","1","1","1","1","0.5","0.5","Default","6","true"
"Zone11","_World/World/Zone11/ResourcesNode/Decors/grass_tilemap00 (16)","Assets/Arts/ResourcesNode/Enviroment/grass_tilemap00.png","grass_tilemap00","16","16","32","1","1","1","1","0.5","0.5","Default","6","true"
"Zone11","_World/World/Zone11/ResourcesNode/Decors/grass_tilemap00 (17)","Assets/Arts/ResourcesNode/Enviroment/grass_tilemap00.png","grass_tilemap00","16","16","32","1","1","1","1","0.5","0.5","Default","6","true"
"Zone11","_World/World/Zone11/ResourcesNode/Decors/grass_tilemap00 (18)","Assets/Arts/ResourcesNode/Enviroment/grass_tilemap00.png","grass_tilemap00","16","16","32","1","1","1","1","0.5","0.5","Default","6","true"
"Zone11","_World/World/Zone11/ResourcesNode/Decors/grass_tilemap00 (19)","Assets/Arts/ResourcesNode/Enviroment/grass_tilemap00.png","grass_tilemap00","16","16","32","1","1","1","1","0.5","0.5","Default","6","true"
"Zone11","_World/World/Zone11/ResourcesNode/Decors/grass_tilemap00 (20)","Assets/Arts/ResourcesNode/Enviroment/grass_tilemap00.png","grass_tilemap00","16","16","32","1","1","1","1","0.5","0.5","Default","6","true"
"Zone11","_World/World/Zone11/ResourcesNode/Decors/grass_tilemap00 (21)","Assets/Arts/ResourcesNode/Enviroment/grass_tilemap00.png","grass_tilemap00","16","16","32","1","1","1","1","0.5","0.5","Default","6","true"
"Zone11","_World/World/Zone11/ResourcesNode/Decors/grass_tilemap00 (22)","Assets/Arts/ResourcesNode/Enviroment/grass_tilemap00.png","grass_tilemap00","16","16","32","1","1","1","1","0.5","0.5","Default","6","true"
"Zone11","_World/World/Zone11/ResourcesNode/Decors/grass_tilemap00 (23)","Assets/Arts/ResourcesNode/Enviroment/grass_tilemap00.png","grass_tilemap00","16","16","32","1","1","1","1","0.5","0.5","Default","6","true"
"Zone11","_World/World/Zone11/ResourcesNode/Decors/grass_tilemap00 (24)","Assets/Arts/ResourcesNode/Enviroment/grass_tilemap00.png","grass_tilemap00","16","16","32","1","1","1","1","0.5","0.5","Default","6","true"
"Zone11","_World/World/Zone11/ResourcesNode/Decors/grass_tilemap00 (25)","Assets/Arts/ResourcesNode/Enviroment/grass_tilemap00.png","grass_tilemap00","16","16","32","1","1","1","1","0.5","0.5","Default","6","true"
"Zone11","_World/World/Zone11/ResourcesNode/Decors/grass_tilemap00 (26)","Assets/Arts/ResourcesNode/Enviroment/grass_tilemap00.png","grass_tilemap00","16","16","32","1","1","1","1","0.5","0.5","Default","6","true"
"Zone11","_World/World/Zone11/ResourcesNode/Decors/grass_tilemap00 (9)","Assets/Arts/ResourcesNode/Enviroment/grass_tilemap00.png","grass_tilemap00","16","16","32","1","1","1","1","0.5","0.5","Default","6","true"
"Zone11","_World/World/Zone11/ResourcesNode/Harvest/Crystal_Cluster_Map","Assets/Arts/ResourcesNode/Enviroment/Cave/Crystal_Cluster_Map.png","Crystal_Cluster_Map","64","64","64","1","1","1","1","1","1","Default","9287","true"
"Zone11","_World/World/Zone11/ResourcesNode/Harvest/Crystal_Cluster_Map/ReadyBubble","Assets/Arts/UI/Bubble_32x28.png","Bubble_32x28","32","28","64","1.478","1.48","1.478","1.48","0.739","0.648","Default","10","true"
"Zone11","_World/World/Zone11/ResourcesNode/Harvest/Crystal_Cluster_Map/ReadyBubble/AppleIcon","Assets/Arts/UI/Apple.png","Apple","16","16","16","0.2","0.2","0.296","0.296","0.296","0.296","Default","10","true"
"Zone11","_World/World/Zone11/ResourcesNode/Harvest/glowing_mushroom_map","Assets/Arts/ResourcesNode/Harvest/GlowingMushroom/glowing_mushroom_map.png","glowing_mushroom_map","64","64","100","1","1","1","1","0.64","0.64","Default","9166","true"
"Zone11","_World/World/Zone11/ResourcesNode/Harvest/glowing_mushroom_map (1)","Assets/Arts/ResourcesNode/Harvest/GlowingMushroom/glowing_mushroom_map.png","glowing_mushroom_map","64","64","100","1","1","1","1","0.64","0.64","Default","8995","true"
"Zone11_Fog","_World/World/Zone11/Zone11_Fog/Button_Unlock","Assets/Arts/UI/padlock_lock.png","padlock_lock","48","48","32","1","1","1","1","1.5","1.5","Default","3","true"
"Zone12","_World/World/Zone12/ResourcesNode/Decors/BigStone_Cave_Moss","Assets/Arts/ResourcesNode/Enviroment/Cave/BigStone_Cave_Moss.png","BigStone_Cave_Moss","64","64","64","1","1","1","1","1","1","Default","9368","true"
"Zone12","_World/World/Zone12/ResourcesNode/Decors/BigStone_Cave_Moss (1)","Assets/Arts/ResourcesNode/Enviroment/Cave/BigStone_Cave_Moss.png","BigStone_Cave_Moss","64","64","64","1","1","1","1","1","1","Default","9110","true"
"Zone12","_World/World/Zone12/ResourcesNode/Decors/Cave_grass_idle_animation_0","Assets/Arts/ResourcesNode/Enviroment/Cave/Cave_grass_idle_animation.png","Cave_grass_idle_animation_0","32","32","100","1","1","1","1","0.32","0.32","Default","9347","true"
"Zone12","_World/World/Zone12/ResourcesNode/Decors/Stone_Cave_Moss","Assets/Arts/ResourcesNode/Enviroment/Cave/Stone_Cave_Moss.png","Stone_Cave_Moss","64","64","64","1","1","1","1","1","1","Default","9012","true"
"Zone12","_World/World/Zone12/ResourcesNode/Decors/Stone_Cave_Moss (1)","Assets/Arts/ResourcesNode/Enviroment/Cave/Stone_Cave_Moss.png","Stone_Cave_Moss","64","64","64","1","1","1","1","1","1","Default","8937","true"
"Zone12","_World/World/Zone12/ResourcesNode/Decors/Stone_Cave_Moss (2)","Assets/Arts/ResourcesNode/Enviroment/Cave/Stone_Cave_Moss.png","Stone_Cave_Moss","64","64","64","1","1","1","1","1","1","Default","9035","true"
"Zone12","_World/World/Zone12/ResourcesNode/Decors/Stone_Cave_Moss (3)","Assets/Arts/ResourcesNode/Enviroment/Cave/Stone_Cave_Moss.png","Stone_Cave_Moss","64","64","64","1","1","1","1","1","1","Default","9007","true"
"Zone12","_World/World/Zone12/ResourcesNode/Decors/decor_cave-sheet","Assets/Arts/ResourcesNode/Enviroment/Cave/decor_cave-sheet.png","decor_cave-sheet","64","64","64","1","1","1","1","1","1","Default","0","true"
"Zone12","_World/World/Zone12/ResourcesNode/Decors/grass_tilemap00 (10)","Assets/Arts/ResourcesNode/Enviroment/grass_tilemap00.png","grass_tilemap00","16","16","32","1","1","1","1","0.5","0.5","Default","6","true"
"Zone12","_World/World/Zone12/ResourcesNode/Decors/grass_tilemap00 (11)","Assets/Arts/ResourcesNode/Enviroment/grass_tilemap00.png","grass_tilemap00","16","16","32","1","1","1","1","0.5","0.5","Default","6","true"
"Zone12","_World/World/Zone12/ResourcesNode/Decors/grass_tilemap00 (12)","Assets/Arts/ResourcesNode/Enviroment/grass_tilemap00.png","grass_tilemap00","16","16","32","1","1","1","1","0.5","0.5","Default","6","true"
"Zone12","_World/World/Zone12/ResourcesNode/Decors/grass_tilemap00 (13)","Assets/Arts/ResourcesNode/Enviroment/grass_tilemap00.png","grass_tilemap00","16","16","32","1","1","1","1","0.5","0.5","Default","6","true"
"Zone12","_World/World/Zone12/ResourcesNode/Decors/grass_tilemap00 (14)","Assets/Arts/ResourcesNode/Enviroment/grass_tilemap00.png","grass_tilemap00","16","16","32","1","1","1","1","0.5","0.5","Default","6","true"
"Zone12","_World/World/Zone12/ResourcesNode/Decors/grass_tilemap00 (15)","Assets/Arts/ResourcesNode/Enviroment/grass_tilemap00.png","grass_tilemap00","16","16","32","1","1","1","1","0.5","0.5","Default","6","true"
"Zone12","_World/World/Zone12/ResourcesNode/Decors/grass_tilemap00 (16)","Assets/Arts/ResourcesNode/Enviroment/grass_tilemap00.png","grass_tilemap00","16","16","32","1","1","1","1","0.5","0.5","Default","6","true"
"Zone12","_World/World/Zone12/ResourcesNode/Decors/grass_tilemap00 (17)","Assets/Arts/ResourcesNode/Enviroment/grass_tilemap00.png","grass_tilemap00","16","16","32","1","1","1","1","0.5","0.5","Default","6","true"
"Zone12","_World/World/Zone12/ResourcesNode/Decors/grass_tilemap00 (18)","Assets/Arts/ResourcesNode/Enviroment/grass_tilemap00.png","grass_tilemap00","16","16","32","1","1","1","1","0.5","0.5","Default","6","true"
"Zone12","_World/World/Zone12/ResourcesNode/Decors/grass_tilemap00 (19)","Assets/Arts/ResourcesNode/Enviroment/grass_tilemap00.png","grass_tilemap00","16","16","32","1","1","1","1","0.5","0.5","Default","6","true"
"Zone12","_World/World/Zone12/ResourcesNode/Decors/grass_tilemap00 (20)","Assets/Arts/ResourcesNode/Enviroment/grass_tilemap00.png","grass_tilemap00","16","16","32","1","1","1","1","0.5","0.5","Default","6","true"
"Zone12","_World/World/Zone12/ResourcesNode/Decors/grass_tilemap00 (21)","Assets/Arts/ResourcesNode/Enviroment/grass_tilemap00.png","grass_tilemap00","16","16","32","1","1","1","1","0.5","0.5","Default","6","true"
"Zone12","_World/World/Zone12/ResourcesNode/Decors/grass_tilemap00 (22)","Assets/Arts/ResourcesNode/Enviroment/grass_tilemap00.png","grass_tilemap00","16","16","32","1","1","1","1","0.5","0.5","Default","6","true"
"Zone12","_World/World/Zone12/ResourcesNode/Decors/grass_tilemap00 (23)","Assets/Arts/ResourcesNode/Enviroment/grass_tilemap00.png","grass_tilemap00","16","16","32","1","1","1","1","0.5","0.5","Default","6","true"
"Zone12","_World/World/Zone12/ResourcesNode/Decors/grass_tilemap00 (24)","Assets/Arts/ResourcesNode/Enviroment/grass_tilemap00.png","grass_tilemap00","16","16","32","1","1","1","1","0.5","0.5","Default","6","true"
"Zone12","_World/World/Zone12/ResourcesNode/Decors/grass_tilemap00 (25)","Assets/Arts/ResourcesNode/Enviroment/grass_tilemap00.png","grass_tilemap00","16","16","32","1","1","1","1","0.5","0.5","Default","6","true"
"Zone12","_World/World/Zone12/ResourcesNode/Decors/grass_tilemap00 (26)","Assets/Arts/ResourcesNode/Enviroment/grass_tilemap00.png","grass_tilemap00","16","16","32","1","1","1","1","0.5","0.5","Default","6","true"
"Zone12","_World/World/Zone12/ResourcesNode/Decors/grass_tilemap00 (9)","Assets/Arts/ResourcesNode/Enviroment/grass_tilemap00.png","grass_tilemap00","16","16","32","1","1","1","1","0.5","0.5","Default","6","true"
"Zone12","_World/World/Zone12/ResourcesNode/Harvest/Crystal_Cluster_Map","Assets/Arts/ResourcesNode/Enviroment/Cave/Crystal_Cluster_Map.png","Crystal_Cluster_Map","64","64","64","1","1","1","1","1","1","Default","9301","true"
"Zone12","_World/World/Zone12/ResourcesNode/Harvest/Crystal_Cluster_Map/ReadyBubble","Assets/Arts/UI/Bubble_32x28.png","Bubble_32x28","32","28","64","1.478","1.48","1.478","1.48","0.739","0.648","Default","10","true"
"Zone12","_World/World/Zone12/ResourcesNode/Harvest/Crystal_Cluster_Map/ReadyBubble/AppleIcon","Assets/Arts/UI/Apple.png","Apple","16","16","16","0.2","0.2","0.296","0.296","0.296","0.296","Default","10","true"
"Zone12","_World/World/Zone12/ResourcesNode/Harvest/glowing_mushroom_map","Assets/Arts/ResourcesNode/Harvest/GlowingMushroom/glowing_mushroom_map.png","glowing_mushroom_map","64","64","100","1","1","1","1","0.64","0.64","Default","9180","true"
"Zone12_Fog","_World/World/Zone12/Zone12_Fog/Button_Unlock","Assets/Arts/UI/padlock_lock.png","padlock_lock","48","48","32","1","1","1","1","1.5","1.5","Default","3","true"
"Zone13","_World/World/Zone13/ResourcesNode/Decors/BigStone_Cave_Moss","Assets/Arts/ResourcesNode/Enviroment/Cave/BigStone_Cave_Moss.png","BigStone_Cave_Moss","64","64","64","1","1","1","1","1","1","Default","9394","true"
"Zone13","_World/World/Zone13/ResourcesNode/Decors/Cave_grass_idle_animation_0","Assets/Arts/ResourcesNode/Enviroment/Cave/Cave_grass_idle_animation.png","Cave_grass_idle_animation_0","32","32","100","1","1","1","1","0.32","0.32","Default","9373","true"
"Zone13","_World/World/Zone13/ResourcesNode/Decors/Stone_Cave_Moss","Assets/Arts/ResourcesNode/Enviroment/Cave/Stone_Cave_Moss.png","Stone_Cave_Moss","64","64","64","1","1","1","1","1","1","Default","9038","true"
"Zone13","_World/World/Zone13/ResourcesNode/Decors/Stone_Cave_Moss (1)","Assets/Arts/ResourcesNode/Enviroment/Cave/Stone_Cave_Moss.png","Stone_Cave_Moss","64","64","64","1","1","1","1","1","1","Default","8963","true"
"Zone13","_World/World/Zone13/ResourcesNode/Decors/Stone_Cave_Moss (2)","Assets/Arts/ResourcesNode/Enviroment/Cave/Stone_Cave_Moss.png","Stone_Cave_Moss","64","64","64","1","1","1","1","1","1","Default","9061","true"
"Zone13","_World/World/Zone13/ResourcesNode/Decors/Stone_Cave_Moss (3)","Assets/Arts/ResourcesNode/Enviroment/Cave/Stone_Cave_Moss.png","Stone_Cave_Moss","64","64","64","1","1","1","1","1","1","Default","9033","true"
"Zone13","_World/World/Zone13/ResourcesNode/Decors/grass_tilemap00 (10)","Assets/Arts/ResourcesNode/Enviroment/grass_tilemap00.png","grass_tilemap00","16","16","32","1","1","1","1","0.5","0.5","Default","6","true"
"Zone13","_World/World/Zone13/ResourcesNode/Decors/grass_tilemap00 (11)","Assets/Arts/ResourcesNode/Enviroment/grass_tilemap00.png","grass_tilemap00","16","16","32","1","1","1","1","0.5","0.5","Default","6","true"
"Zone13","_World/World/Zone13/ResourcesNode/Decors/grass_tilemap00 (12)","Assets/Arts/ResourcesNode/Enviroment/grass_tilemap00.png","grass_tilemap00","16","16","32","1","1","1","1","0.5","0.5","Default","6","true"
"Zone13","_World/World/Zone13/ResourcesNode/Decors/grass_tilemap00 (13)","Assets/Arts/ResourcesNode/Enviroment/grass_tilemap00.png","grass_tilemap00","16","16","32","1","1","1","1","0.5","0.5","Default","6","true"
"Zone13","_World/World/Zone13/ResourcesNode/Decors/grass_tilemap00 (14)","Assets/Arts/ResourcesNode/Enviroment/grass_tilemap00.png","grass_tilemap00","16","16","32","1","1","1","1","0.5","0.5","Default","6","true"
"Zone13","_World/World/Zone13/ResourcesNode/Decors/grass_tilemap00 (15)","Assets/Arts/ResourcesNode/Enviroment/grass_tilemap00.png","grass_tilemap00","16","16","32","1","1","1","1","0.5","0.5","Default","6","true"
"Zone13","_World/World/Zone13/ResourcesNode/Decors/grass_tilemap00 (16)","Assets/Arts/ResourcesNode/Enviroment/grass_tilemap00.png","grass_tilemap00","16","16","32","1","1","1","1","0.5","0.5","Default","6","true"
"Zone13","_World/World/Zone13/ResourcesNode/Decors/grass_tilemap00 (17)","Assets/Arts/ResourcesNode/Enviroment/grass_tilemap00.png","grass_tilemap00","16","16","32","1","1","1","1","0.5","0.5","Default","6","true"
"Zone13","_World/World/Zone13/ResourcesNode/Decors/grass_tilemap00 (18)","Assets/Arts/ResourcesNode/Enviroment/grass_tilemap00.png","grass_tilemap00","16","16","32","1","1","1","1","0.5","0.5","Default","6","true"
"Zone13","_World/World/Zone13/ResourcesNode/Decors/grass_tilemap00 (19)","Assets/Arts/ResourcesNode/Enviroment/grass_tilemap00.png","grass_tilemap00","16","16","32","1","1","1","1","0.5","0.5","Default","6","true"
"Zone13","_World/World/Zone13/ResourcesNode/Decors/grass_tilemap00 (20)","Assets/Arts/ResourcesNode/Enviroment/grass_tilemap00.png","grass_tilemap00","16","16","32","1","1","1","1","0.5","0.5","Default","6","true"
"Zone13","_World/World/Zone13/ResourcesNode/Decors/grass_tilemap00 (21)","Assets/Arts/ResourcesNode/Enviroment/grass_tilemap00.png","grass_tilemap00","16","16","32","1","1","1","1","0.5","0.5","Default","6","true"
"Zone13","_World/World/Zone13/ResourcesNode/Decors/grass_tilemap00 (22)","Assets/Arts/ResourcesNode/Enviroment/grass_tilemap00.png","grass_tilemap00","16","16","32","1","1","1","1","0.5","0.5","Default","6","true"
"Zone13","_World/World/Zone13/ResourcesNode/Decors/grass_tilemap00 (23)","Assets/Arts/ResourcesNode/Enviroment/grass_tilemap00.png","grass_tilemap00","16","16","32","1","1","1","1","0.5","0.5","Default","6","true"
"Zone13","_World/World/Zone13/ResourcesNode/Decors/grass_tilemap00 (24)","Assets/Arts/ResourcesNode/Enviroment/grass_tilemap00.png","grass_tilemap00","16","16","32","1","1","1","1","0.5","0.5","Default","6","true"
"Zone13","_World/World/Zone13/ResourcesNode/Decors/grass_tilemap00 (25)","Assets/Arts/ResourcesNode/Enviroment/grass_tilemap00.png","grass_tilemap00","16","16","32","1","1","1","1","0.5","0.5","Default","6","true"
"Zone13","_World/World/Zone13/ResourcesNode/Decors/grass_tilemap00 (26)","Assets/Arts/ResourcesNode/Enviroment/grass_tilemap00.png","grass_tilemap00","16","16","32","1","1","1","1","0.5","0.5","Default","6","true"
"Zone13","_World/World/Zone13/ResourcesNode/Decors/grass_tilemap00 (9)","Assets/Arts/ResourcesNode/Enviroment/grass_tilemap00.png","grass_tilemap00","16","16","32","1","1","1","1","0.5","0.5","Default","6","true"
"Zone13","_World/World/Zone13/ResourcesNode/Harvest/Crystal_Cluster_Map","Assets/Arts/ResourcesNode/Enviroment/Cave/Crystal_Cluster_Map.png","Crystal_Cluster_Map","64","64","64","1","1","1","1","1","1","Default","9292","true"
"Zone13","_World/World/Zone13/ResourcesNode/Harvest/Crystal_Cluster_Map/ReadyBubble","Assets/Arts/UI/Bubble_32x28.png","Bubble_32x28","32","28","64","1.478","1.48","1.478","1.48","0.739","0.648","Default","10","true"
"Zone13","_World/World/Zone13/ResourcesNode/Harvest/Crystal_Cluster_Map/ReadyBubble/AppleIcon","Assets/Arts/UI/Apple.png","Apple","16","16","16","0.2","0.2","0.296","0.296","0.296","0.296","Default","10","true"
"Zone13","_World/World/Zone13/ResourcesNode/Harvest/glowing_mushroom_map","Assets/Arts/ResourcesNode/Harvest/GlowingMushroom/glowing_mushroom_map.png","glowing_mushroom_map","64","64","100","1","1","1","1","0.64","0.64","Default","9171","true"
"Zone13","_World/World/Zone13/ResourcesNode/Harvest/glowing_mushroom_map (1)","Assets/Arts/ResourcesNode/Harvest/GlowingMushroom/glowing_mushroom_map.png","glowing_mushroom_map","64","64","100","1","1","1","1","0.64","0.64","Default","9000","true"
"Zone13_Fog","_World/World/Zone13/Zone13_Fog/Button_Unlock","Assets/Arts/UI/padlock_lock.png","padlock_lock","48","48","32","1","1","1","1","1.5","1.5","Default","3","true"
